region_code,fac_id,bldg,description,bldg_status,bldg_class,prop_type,entry_date,entry_clerk,addr1,addr2,bldg_city,bldg_county,bldg_state_code,bldg_zip,country,owned_leased,date_occupied,date_purchased,purchase_price,acres,parking,max_cost,date_built,useful_life,cost_of_land,cost_of_bldg,appr_value,est_value,book_value,clli,smart_bldg,redundant,nonassignable_sqft,user_assignable,circulation_sqft,occupied_sqft,latitude,longitude,structure_owned,land_owned,co_class,bfms_code,cable_vault,tax_code,tower,standby_power,client_parking,employee_parking,client_park_mat,emp_park_mat,other_parking,client_security,emp_security,bldg_security,sechrs_opr,foundation_type,ssc_material,ssc_system,bldg_envelope,vintage_year,roof_type,blob_id,baselne_usg_sqft,baseline_cost_sqft,bench_usg_sqft,bench_cost_sqft,base_uom,bnch_uom,user_gross,user_rentable,user_useable,cad_drawing,edit_date,edit_clerk,gross_sqft,rentable_sqft,usable_sqft,assignable_sqft,location_gross_sqft,user_nonassignable_sqft,bldg_directions,fire_dept,fire_dept_phone,police,police_phone,link_tranx_num,doc_id,af1,af2,af3,af4,af5,af6,af7,af8,af9,af10,af11,af12,depr_factor,survey_sqft_rollup,hvac_type,housekeeping_code,exposure_value,exposure_hazard,fire_protection_class,construction_type,gis_layer,multitenant_id,angle,climate_zone,af13,af14,af15,af16
PSU,MAIN CAMPUS,B0039A,AB - ART BUILDING & ANNEX,OCCUPIED,4-GEN CLASSRM,E-G,NULL,NULL,1990-2000 SW FIFTH AVENUE,NULL,PORTLAND,NULL,OR,97201,US,N,NULL,NULL,NULL,NULL,NULL,NULL,NULL,NULL,NULL,NULL,NULL,NULL,NULL,NULL,NULL,NULL,NULL,NULL,NULL,NULL,NULL,NULL,NULL,NULL,NULL,NULL,NULL,NULL,NULL,NULL,NULL,NULL,NULL,NULL,NULL,NULL,NULL,NULL,NULL,NULL,NULL,NULL,NULL,NULL,NULL,NULL,NULL,NULL,NULL,NULL,NULL,NULL,31867.0000,NULL,NULL,NULL,2015-12-21 14:48:51.000,OBINNA,NULL,2748.06,4937.78,5823.32,0.0000,NULL,NULL,NULL,NULL,NULL,NULL,NULL,NULL,NULL,NULL,NULL,NULL,NULL,NULL,NULL,NULL,NULL,NULL,NULL,NULL,NULL,NULL,NULL,NULL,NULL,NULL,NULL,NULL,NULL,1,NULL,NULL,NULL,NULL,NULL,NULL
PSU,MAIN CAMPUS,B0253A,ASRC - ACADEMIC AND STUDENT RECREATION CENTER,OCCUPIED,3-SUPPORT BLDG,AUX,NULL,NULL,1800 SW SIXTH AVE,NULL,PORTLAND,NULL,OR,97201,US,Y,NULL,NULL,0.0000,NULL,NULL,0.0000,NULL,NULL,0.00,0.00,0.00,0.00,0.00,NULL,NULL,NULL,NULL,NULL,NULL,NULL,NULL,NULL,NULL,NULL,NULL,NULL,NULL,NULL,NULL,NULL,0,0,NULL,NULL,0,NULL,NULL,NULL,NULL,NULL,NULL,NULL,NULL,NULL,NULL,NULL,NULL,NULL,NULL,NULL,NULL,NULL,237401.0000,NULL,NULL,NULL,2015-12-21 14:49:30.000,OBINNA,NULL,NULL,NULL,NULL,NULL,NULL,NULL,NULL,NULL,NULL,NULL,2069,NULL,NULL,NULL,NULL,NULL,NULL,NULL,NULL,NULL,NULL,NULL,NULL,NULL,0.0000,NULL,NULL,NULL,NULL,NULL,NULL,NULL,NULL,1,NULL,NULL,NULL,NULL,NULL,NULL
PSU,MAIN CAMPUS,B0256,MCB - MARKET CENTER BUILDING,OCCUPIED,3-SUPPORT BLDG,E-G,NULL,NULL,1600 SW FOURTH AVENUE,NULL,PORTLAND,NULL,OR,97201,US,N,NULL,NULL,NULL,NULL,NULL,NULL,NULL,NULL,NULL,NULL,NULL,NULL,NULL,NULL,NULL,NULL,162.9700,NULL,NULL,NULL,NULL,NULL,NULL,NULL,NULL,NULL,NULL,NULL,NULL,NULL,NULL,NULL,NULL,NULL,NULL,NULL,NULL,NULL,NULL,NULL,NULL,NULL,NULL,NULL,NULL,NULL,NULL,NULL,NULL,NULL,NULL,NULL,123237.0000,NULL,NULL,NULL,2015-12-21 15:03:39.000,OBINNA,NULL,5978.42,323.79,21395.21,0.0000,NULL,NULL,NULL,NULL,NULL,NULL,NULL,NULL,NULL,NULL,NULL,NULL,NULL,NULL,NULL,NULL,NULL,NULL,NULL,NULL,NULL,NULL,NULL,NULL,NULL,NULL,NULL,NULL,NULL,1,NULL,NULL,NULL,NULL,NULL,NULL
PSU,MAIN CAMPUS,B0009,KMC - KARL MILLER CENTER (Formerly BA),OCCUPIED,4-GEN CLASSRM,E-G,NULL,NULL,631 SW HARRISON STREET,NULL,PORTLAND,NULL,OR,97201,US,Y,NULL,NULL,NULL,NULL,NULL,NULL,NULL,NULL,NULL,NULL,NULL,NULL,NULL,NULL,NULL,NULL,3081.0700,NULL,NULL,NULL,NULL,NULL,NULL,NULL,NULL,NULL,NULL,NULL,NULL,NULL,NULL,NULL,NULL,NULL,NULL,NULL,NULL,NULL,NULL,NULL,NULL,NULL,NULL,NULL,NULL,NULL,NULL,NULL,NULL,NULL,NULL,NULL,52570.0000,NULL,NULL,NULL,2016-06-14 13:46:51.000,SHERYR,NULL,13099.55,50.90,40163.01,0.0000,NULL,NULL,NULL,NULL,NULL,NULL,NULL,NULL,NULL,NULL,NULL,NULL,NULL,NULL,NULL,NULL,NULL,NULL,NULL,NULL,NULL,NULL,NULL,NULL,NULL,NULL,NULL,NULL,NULL,1,NULL,NULL,NULL,NULL,NULL,NULL
PSU,OFF CAMPUS,B0258,BFT - BANCROFT BUILDING,INACTIVE,NULL,E-G,NULL,NULL,680 SW BANCROFT,NULL,PORTLAND,MULTNOMAH,OR,97239,US,Y,NULL,NULL,0.0000,NULL,NULL,0.0000,NULL,NULL,0.00,0.00,0.00,0.00,0.00,NULL,NULL,NULL,NULL,NULL,NULL,NULL,NULL,NULL,Y,Y,NULL,NULL,NULL,NULL,NULL,NULL,0,0,NULL,NULL,0,NULL,NULL,NULL,NULL,NULL,NULL,NULL,NULL,NULL,NULL,NULL,NULL,NULL,NULL,NULL,NULL,NULL,0.0000,NULL,NULL,NULL,2015-12-21 15:38:51.000,LEONARD8,NULL,NULL,NULL,NULL,0.0000,NULL,NULL,NULL,NULL,NULL,NULL,NULL,NULL,NULL,NULL,NULL,NULL,NULL,NULL,NULL,NULL,NULL,NULL,NULL,NULL,0.0000,NULL,NULL,NULL,NULL,NULL,NULL,NULL,NULL,1,NULL,NULL,NULL,NULL,NULL,NULL
PSU,MAIN CAMPUS,B0254,BDWY - BROADWAY RESIDENCE HALL (BHB),OCCUPIED,2-HSG & RSRCH,AUX,NULL,NULL,625 SW JACKSON STREET,NULL,PORTLAND,NULL,OR,97201,US,N,NULL,NULL,NULL,NULL,NULL,NULL,NULL,NULL,NULL,NULL,NULL,NULL,NULL,NULL,NULL,NULL,332.7100,NULL,NULL,NULL,NULL,NULL,NULL,NULL,NULL,NULL,NULL,NULL,NULL,NULL,NULL,NULL,NULL,NULL,NULL,NULL,NULL,NULL,NULL,NULL,NULL,NULL,NULL,NULL,NULL,NULL,NULL,NULL,NULL,NULL,NULL,NULL,220399.0000,NULL,NULL,NULL,2015-12-21 14:51:21.000,OBINNA,NULL,3696.31,345.31,14424.03,0.0000,NULL,NULL,NULL,NULL,NULL,NULL,NULL,NULL,NULL,NULL,NULL,NULL,NULL,NULL,NULL,NULL,NULL,NULL,NULL,NULL,NULL,NULL,NULL,NULL,NULL,NULL,NULL,NULL,NULL,1,NULL,NULL,NULL,NULL,NULL,NULL
PSU,MAIN CAMPUS,B0101,BLKS - BLACKSTONE RESIDENCE HALL,OCCUPIED,2-HSG & RSRCH,AUX,NULL,NULL,1831 SW PARK AVENUE,NULL,PORTLAND,NULL,OR,97201,US,Y,NULL,NULL,NULL,NULL,NULL,NULL,NULL,NULL,NULL,NULL,NULL,NULL,NULL,NULL,NULL,NULL,NULL,NULL,NULL,NULL,NULL,NULL,NULL,NULL,NULL,NULL,NULL,NULL,NULL,NULL,NULL,NULL,NULL,NULL,NULL,NULL,NULL,NULL,NULL,NULL,NULL,NULL,NULL,NULL,NULL,NULL,NULL,NULL,NULL,NULL,NULL,NULL,38971.0000,NULL,NULL,NULL,2015-03-13 09:16:47.000,SHERYR,NULL,NULL,NULL,NULL,0.0000,NULL,NULL,NULL,NULL,NULL,NULL,NULL,NULL,NULL,NULL,NULL,NULL,NULL,NULL,NULL,NULL,NULL,NULL,NULL,NULL,NULL,NULL,NULL,NULL,NULL,NULL,NULL,NULL,NULL,1,NULL,NULL,NULL,NULL,NULL,NULL
PSU,MAIN CAMPUS,B0134,CGT - CAMPUS & GROUNDS OFFICE,OCCUPIED,5-GEN OFFICE,E-G,NULL,NULL,NULL,NULL,PORTLAND,NULL,OR,97201,US,Y,NULL,NULL,NULL,NULL,NULL,NULL,NULL,NULL,NULL,NULL,NULL,NULL,NULL,NULL,NULL,NULL,NULL,NULL,NULL,NULL,NULL,NULL,Y,Y,NULL,NULL,NULL,NULL,NULL,NULL,NULL,NULL,NULL,NULL,NULL,NULL,NULL,NULL,NULL,NULL,NULL,NULL,NULL,NULL,NULL,NULL,NULL,NULL,NULL,NULL,NULL,NULL,720.0000,NULL,NULL,NULL,2015-12-21 14:53:16.000,OBINNA,NULL,NULL,NULL,NULL,0.0000,NULL,NULL,NULL,NULL,NULL,NULL,NULL,NULL,NULL,NULL,NULL,NULL,NULL,NULL,NULL,NULL,NULL,NULL,NULL,NULL,NULL,NULL,NULL,NULL,NULL,NULL,NULL,NULL,NULL,1,NULL,NULL,NULL,NULL,NULL,NULL
PSU,MAIN CAMPUS,B0015,CH - CRAMER HALL,OCCUPIED,1-CRITICAL SYST,E-G,NULL,NULL,1721 SW BROADWAY AVENUE,NULL,PORTLAND,NULL,OR,97201,US,Y,NULL,NULL,NULL,NULL,NULL,NULL,NULL,NULL,NULL,NULL,NULL,NULL,NULL,NULL,NULL,NULL,53876.2600,NULL,NULL,NULL,NULL,NULL,NULL,NULL,NULL,NULL,NULL,NULL,NULL,NULL,NULL,NULL,NULL,NULL,NULL,NULL,NULL,NULL,NULL,NULL,NULL,NULL,NULL,NULL,NULL,NULL,NULL,NULL,NULL,NULL,NULL,NULL,251658.0000,NULL,NULL,NULL,2015-12-21 14:53:45.000,OBINNA,NULL,60138.64,4689.09,134554.57,0.0000,NULL,NULL,NULL,NULL,NULL,NULL,NULL,NULL,NULL,NULL,NULL,NULL,NULL,NULL,NULL,NULL,NULL,NULL,NULL,NULL,NULL,NULL,NULL,NULL,NULL,NULL,NULL,NULL,NULL,1,NULL,NULL,NULL,NULL,NULL,NULL
PSU,MAIN CAMPUS,B0252,CLY - SIXTH AND CLAY BUILDING,INACTIVE,4-GEN CLASSRM,E-G,NULL,NULL,1433 SW 6TH AVENUE,NULL,PORTLAND,NULL,OR,97201,US,N,NULL,NULL,0.0000,NULL,NULL,0.0000,NULL,NULL,0.00,0.00,0.00,0.00,0.00,NULL,NULL,NULL,NULL,NULL,NULL,NULL,NULL,NULL,N,N,NULL,NULL,NULL,NULL,NULL,NULL,0,0,NULL,NULL,0,NULL,NULL,NULL,NULL,NULL,NULL,NULL,NULL,NULL,NULL,NULL,NULL,NULL,NULL,NULL,NULL,NULL,0.0000,NULL,NULL,NULL,2015-12-21 15:39:34.000,LEONARD8,NULL,NULL,NULL,NULL,0.0000,NULL,NULL,NULL,NULL,NULL,NULL,NULL,NULL,NULL,NULL,NULL,NULL,NULL,NULL,NULL,NULL,NULL,NULL,NULL,NULL,0.0000,NULL,NULL,NULL,NULL,NULL,NULL,NULL,NULL,1,NULL,NULL,NULL,NULL,NULL,NULL
PSU,MAIN CAMPUS,B0210,COR - CORBETT STREET BUILDING,OCCUPIED,2-HSG & RSRCH,AUX,NULL,NULL,2828 SW CORBETT,NULL,PORTLAND,NULL,OR,NULL,US,N,NULL,NULL,NULL,NULL,NULL,NULL,NULL,NULL,NULL,NULL,NULL,NULL,NULL,NULL,NULL,NULL,20987.2500,NULL,NULL,NULL,NULL,NULL,NULL,NULL,NULL,NULL,NULL,NULL,NULL,NULL,NULL,NULL,NULL,NULL,NULL,NULL,NULL,NULL,NULL,NULL,NULL,NULL,NULL,NULL,NULL,NULL,NULL,NULL,NULL,NULL,NULL,NULL,62706.0000,NULL,NULL,NULL,2015-12-21 14:55:16.000,OBINNA,NULL,6684.65,5426.40,44506.79,0.0000,NULL,NULL,NULL,NULL,NULL,NULL,NULL,NULL,NULL,NULL,NULL,NULL,NULL,NULL,NULL,NULL,NULL,NULL,NULL,NULL,NULL,NULL,NULL,NULL,NULL,NULL,NULL,NULL,NULL,1,NULL,NULL,NULL,NULL,NULL,NULL
PSU,MAIN CAMPUS,B0026,CSB - CAMPUS SECURITY BUILDING,INACTIVE,NULL,E-G,NULL,NULL,1939 SW BROADWAY AVENUE,NULL,PORTLAND,NULL,OR,97201,US,Y,NULL,NULL,NULL,NULL,NULL,NULL,NULL,NULL,NULL,NULL,NULL,NULL,NULL,NULL,NULL,NULL,NULL,NULL,NULL,NULL,NULL,NULL,Y,Y,NULL,NULL,NULL,NULL,NULL,NULL,NULL,NULL,NULL,NULL,NULL,NULL,NULL,NULL,NULL,NULL,NULL,NULL,NULL,NULL,NULL,NULL,NULL,NULL,NULL,NULL,NULL,NULL,0.0000,NULL,NULL,NULL,2015-12-21 15:40:04.000,LEONARD8,NULL,NULL,NULL,NULL,0.0000,NULL,NULL,NULL,NULL,NULL,NULL,NULL,NULL,NULL,NULL,NULL,NULL,NULL,NULL,NULL,NULL,NULL,NULL,NULL,NULL,NULL,NULL,NULL,NULL,NULL,NULL,NULL,NULL,NULL,1,NULL,NULL,NULL,NULL,NULL,NULL
PSU,MAIN CAMPUS,B0CAM,CW - CAMPUS WIDE,UNOCCUPIED,NULL,NB,NULL,NULL,NULL,NULL,NULL,NULL,NULL,NULL,US,Y,NULL,NULL,0.0000,NULL,NULL,0.0000,NULL,NULL,0.00,0.00,0.00,0.00,0.00,NULL,NULL,NULL,NULL,NULL,NULL,NULL,NULL,NULL,NULL,NULL,NULL,NULL,NULL,NULL,NULL,NULL,0,0,NULL,NULL,0,NULL,NULL,NULL,NULL,NULL,NULL,NULL,NULL,NULL,NULL,NULL,NULL,NULL,NULL,NULL,NULL,NULL,4936264.0000,NULL,NULL,NULL,2015-10-12 10:12:37.000,LEONARD8,NULL,NULL,NULL,NULL,NULL,NULL,NULL,NULL,NULL,NULL,NULL,NULL,NULL,NULL,NULL,NULL,NULL,NULL,NULL,NULL,NULL,NULL,NULL,NULL,NULL,0.0000,NULL,NULL,NULL,NULL,NULL,NULL,NULL,NULL,1,NULL,NULL,NULL,NULL,NULL,NULL
PSU,MAIN CAMPUS,B0038,EB - ENGINEERING BUILDING,OCCUPIED,2-HSG & RSRCH,E-G,NULL,NULL,1930 SW FOURTH AVENUE,NULL,PORTLAND,NULL,OR,97201,US,Y,NULL,NULL,NULL,NULL,NULL,NULL,NULL,NULL,NULL,NULL,NULL,NULL,NULL,NULL,NULL,NULL,3557.1900,NULL,NULL,NULL,NULL,NULL,NULL,NULL,NULL,NULL,NULL,NULL,NULL,NULL,NULL,NULL,NULL,NULL,NULL,NULL,NULL,NULL,NULL,NULL,NULL,NULL,NULL,NULL,NULL,NULL,NULL,NULL,NULL,NULL,NULL,NULL,130365.0000,NULL,NULL,NULL,2015-12-21 14:57:16.000,OBINNA,NULL,29237.55,2817.46,78311.67,0.0000,NULL,NULL,NULL,NULL,NULL,NULL,NULL,NULL,NULL,NULL,NULL,NULL,NULL,NULL,NULL,NULL,NULL,NULL,NULL,NULL,NULL,NULL,NULL,NULL,NULL,NULL,NULL,NULL,NULL,1,NULL,NULL,NULL,NULL,NULL,NULL
PSU,MAIN CAMPUS,B0008,ED - SCHOOL OF EDUCATION,DEMOLISHED,4-GEN CLASSRM,E-G,NULL,NULL,615 SW HARRISON STREET,NULL,PORTLAND,NULL,OR,97201,US,Y,NULL,NULL,NULL,NULL,NULL,NULL,NULL,NULL,NULL,NULL,NULL,NULL,NULL,NULL,NULL,NULL,6120.0000,NULL,NULL,NULL,NULL,NULL,NULL,NULL,NULL,NULL,NULL,NULL,NULL,NULL,NULL,NULL,NULL,NULL,NULL,NULL,NULL,NULL,NULL,NULL,NULL,NULL,NULL,NULL,NULL,NULL,NULL,NULL,NULL,NULL,NULL,NULL,44345.0000,NULL,NULL,NULL,2016-06-14 14:25:19.000,SHERYR,NULL,14808.22,2674.29,32734.89,0.0000,NULL,NULL,NULL,NULL,NULL,NULL,NULL,NULL,NULL,NULL,NULL,NULL,NULL,NULL,NULL,NULL,NULL,NULL,NULL,NULL,NULL,NULL,NULL,NULL,NULL,NULL,NULL,NULL,NULL,1,NULL,NULL,NULL,NULL,NULL,NULL
PSU,MAIN CAMPUS,B0023,EH - EAST HALL,OCCUPIED,5-GEN OFFICE,E-G,NULL,NULL,632 SW HALL STREET,NULL,PORTLAND,NULL,OR,97201,US,Y,NULL,NULL,NULL,NULL,NULL,NULL,NULL,NULL,NULL,NULL,NULL,NULL,NULL,NULL,NULL,NULL,NULL,NULL,NULL,NULL,NULL,NULL,Y,Y,NULL,NULL,NULL,NULL,NULL,NULL,NULL,NULL,NULL,NULL,NULL,NULL,NULL,NULL,NULL,NULL,NULL,NULL,NULL,NULL,NULL,NULL,NULL,NULL,NULL,NULL,NULL,NULL,23223.0000,NULL,NULL,NULL,2015-12-21 14:57:52.000,OBINNA,NULL,NULL,NULL,NULL,0.0000,NULL,NULL,NULL,NULL,NULL,NULL,8040,228CED9E-226B-4D03-81CE-13BA44896175,NULL,NULL,NULL,NULL,NULL,NULL,NULL,NULL,NULL,NULL,NULL,NULL,NULL,NULL,NULL,NULL,NULL,NULL,NULL,NULL,NULL,1,NULL,NULL,NULL,NULL,NULL,NULL
PSU,MAIN CAMPUS,B0036A,FAB - FOURTH AVENUE BUILDING,OCCUPIED,1-CRITICAL SYST,AUX,NULL,NULL,1900 SW FOURTH AVENUE,NULL,PORTLAND,NULL,OR,97201,US,Y,NULL,NULL,NULL,NULL,NULL,NULL,NULL,NULL,NULL,NULL,NULL,NULL,NULL,NULL,NULL,NULL,61868.6500,NULL,NULL,NULL,NULL,NULL,NULL,NULL,NULL,NULL,NULL,NULL,NULL,NULL,NULL,NULL,NULL,NULL,NULL,NULL,NULL,NULL,NULL,NULL,NULL,NULL,NULL,NULL,NULL,NULL,NULL,NULL,NULL,NULL,NULL,NULL,135470.0000,NULL,NULL,NULL,2015-12-21 14:58:57.000,OBINNA,NULL,55448.05,7667.77,272080.99,0.0000,NULL,NULL,NULL,NULL,NULL,NULL,3611,NULL,NULL,NULL,NULL,NULL,NULL,NULL,NULL,NULL,NULL,NULL,NULL,NULL,NULL,NULL,NULL,NULL,NULL,NULL,NULL,NULL,NULL,1,NULL,NULL,NULL,NULL,NULL,NULL
PSU,MAIN CAMPUS,B0041A,SEC- SCIENCE AND EDUCATION CENTER,OCCUPIED,5-GEN OFFICE,AUX,NULL,NULL,2130-2136 SW FIFTH AVENUE,NULL,PORTLAND,NULL,OR,97201,US,Y,NULL,NULL,NULL,NULL,NULL,NULL,NULL,NULL,NULL,NULL,NULL,NULL,NULL,NULL,NULL,NULL,18964.2500,NULL,NULL,NULL,NULL,NULL,Y,Y,NULL,NULL,NULL,NULL,NULL,NULL,NULL,NULL,NULL,NULL,NULL,NULL,NULL,NULL,NULL,NULL,NULL,NULL,NULL,NULL,NULL,NULL,NULL,NULL,NULL,NULL,NULL,NULL,44345.0000,NULL,NULL,NULL,2015-12-21 15:16:59.000,OBINNA,NULL,5793.67,1098.91,32815.53,0.0000,NULL,NULL,NULL,NULL,NULL,NULL,17489,NULL,NULL,NULL,NULL,NULL,NULL,NULL,NULL,NULL,NULL,NULL,NULL,NULL,NULL,NULL,NULL,NULL,NULL,NULL,NULL,NULL,NULL,1,NULL,NULL,NULL,NULL,NULL,NULL
PSU,MAIN CAMPUS,T-GH,GH - GREENHOUSE (USE NGH, SGH, OR RGH INSTEAD),OCCUPIED,2-HSG & RSRCH,E-G,NULL,NULL,NULL,NULL,NULL,NULL,NULL,NULL,US,Y,NULL,NULL,NULL,NULL,NULL,NULL,NULL,NULL,NULL,NULL,NULL,NULL,NULL,NULL,NULL,NULL,NULL,NULL,NULL,NULL,NULL,NULL,NULL,NULL,NULL,NULL,NULL,NULL,NULL,NULL,NULL,NULL,NULL,NULL,NULL,NULL,NULL,NULL,NULL,NULL,NULL,NULL,NULL,NULL,NULL,NULL,NULL,NULL,NULL,NULL,NULL,NULL,0.0000,NULL,NULL,NULL,2015-12-21 14:59:31.000,OBINNA,NULL,NULL,NULL,NULL,0.0000,NULL,NULL,NULL,NULL,NULL,NULL,NULL,NULL,NULL,NULL,NULL,NULL,NULL,NULL,NULL,NULL,NULL,NULL,NULL,NULL,NULL,NULL,NULL,NULL,NULL,NULL,NULL,NULL,NULL,1,NULL,NULL,NULL,NULL,NULL,NULL
PSU,MAIN CAMPUS,B0260,GUAM - LIBRARY BOOK STORAGE-NW PORTLAND,INACTIVE,NULL,E-G,NULL,NULL,3305 NW GUAM AVE,NULL,PORTLAND,NULL,OR,97210,US,N,NULL,NULL,NULL,NULL,NULL,NULL,NULL,NULL,NULL,NULL,NULL,NULL,NULL,NULL,NULL,NULL,NULL,NULL,NULL,NULL,NULL,NULL,NULL,NULL,NULL,NULL,NULL,NULL,NULL,NULL,NULL,NULL,NULL,NULL,NULL,NULL,NULL,NULL,NULL,NULL,NULL,NULL,NULL,NULL,NULL,NULL,NULL,NULL,NULL,NULL,NULL,NULL,0.0000,NULL,NULL,NULL,2015-12-21 15:43:12.000,LEONARD8,NULL,NULL,NULL,NULL,0.0000,NULL,NULL,NULL,NULL,NULL,NULL,NULL,NULL,NULL,NULL,NULL,NULL,NULL,NULL,NULL,NULL,NULL,NULL,NULL,NULL,NULL,NULL,NULL,NULL,NULL,NULL,NULL,NULL,NULL,1,NULL,NULL,NULL,NULL,NULL,NULL
PSU,MAIN CAMPUS,B0013,HGCDC - HELEN GORDON CHILD DEVELOPMENT CENTER,OCCUPIED,3-SUPPORT BLDG,E-G,NULL,NULL,1609 SW TWELFTH AVENUE,NULL,PORTLAND,NULL,OR,97201,US,Y,NULL,NULL,NULL,NULL,NULL,NULL,NULL,NULL,NULL,NULL,NULL,NULL,NULL,NULL,NULL,NULL,39.5700,NULL,NULL,NULL,NULL,NULL,Y,Y,NULL,NULL,NULL,NULL,NULL,NULL,NULL,NULL,NULL,NULL,NULL,NULL,NULL,NULL,NULL,NULL,NULL,NULL,NULL,NULL,NULL,NULL,NULL,NULL,NULL,NULL,NULL,NULL,33938.0000,NULL,NULL,NULL,2015-12-21 15:00:37.000,OBINNA,NULL,3291.31,913.51,7920.64,0.0000,NULL,NULL,NULL,NULL,NULL,NULL,NULL,NULL,NULL,NULL,NULL,NULL,NULL,NULL,NULL,NULL,NULL,NULL,NULL,NULL,NULL,NULL,NULL,NULL,NULL,NULL,NULL,NULL,NULL,1,NULL,NULL,NULL,NULL,NULL,NULL
PSU,MAIN CAMPUS,B0123,HAR - HARDER HOUSE (HH),OCCUPIED,5-GEN OFFICE,E-G,NULL,NULL,1604 SW TENTH AVENUE,NULL,PORTLAND,NULL,OR,97201,US,Y,NULL,NULL,NULL,NULL,NULL,NULL,NULL,NULL,NULL,NULL,NULL,NULL,NULL,NULL,NULL,NULL,NULL,NULL,NULL,NULL,NULL,NULL,NULL,NULL,NULL,NULL,NULL,NULL,NULL,NULL,NULL,NULL,NULL,NULL,NULL,NULL,NULL,NULL,NULL,NULL,NULL,NULL,NULL,NULL,NULL,NULL,NULL,NULL,NULL,NULL,NULL,NULL,4871.0000,NULL,NULL,NULL,2015-12-21 15:00:16.000,OBINNA,NULL,NULL,NULL,NULL,0.0000,NULL,NULL,NULL,NULL,NULL,NULL,NULL,NULL,NULL,NULL,NULL,NULL,NULL,NULL,NULL,NULL,NULL,NULL,NULL,NULL,NULL,NULL,NULL,NULL,NULL,NULL,NULL,NULL,NULL,1,NULL,NULL,NULL,NULL,NULL,NULL
PSU,MAIN CAMPUS,B0034,HOFF - HOFFMANN HALL,OCCUPIED,4-GEN CLASSRM,E-G,NULL,NULL,1833 SW ELEVENTH AVENUE,NULL,PORTLAND,NULL,OR,97201,US,Y,NULL,NULL,NULL,NULL,NULL,NULL,NULL,NULL,NULL,NULL,NULL,NULL,NULL,NULL,NULL,NULL,NULL,NULL,NULL,NULL,NULL,NULL,NULL,NULL,NULL,NULL,NULL,NULL,NULL,NULL,NULL,NULL,NULL,NULL,NULL,NULL,NULL,NULL,NULL,NULL,NULL,NULL,NULL,NULL,NULL,NULL,NULL,NULL,NULL,NULL,NULL,NULL,10552.0000,NULL,NULL,NULL,2015-12-21 15:00:56.000,OBINNA,NULL,NULL,NULL,NULL,0.0000,NULL,NULL,NULL,NULL,NULL,NULL,NULL,NULL,NULL,NULL,NULL,NULL,NULL,NULL,NULL,NULL,NULL,NULL,NULL,NULL,NULL,NULL,NULL,NULL,NULL,NULL,NULL,NULL,NULL,1,NULL,NULL,NULL,NULL,NULL,NULL
PSU,MAIN CAMPUS,B0012,HSB - HARRISON STREET BUILDING,OCCUPIED,5-GEN OFFICE,E-G,NULL,NULL,1025 SW HARRISON STREET,NULL,PORTLAND,NULL,OR,97201,US,Y,NULL,NULL,NULL,NULL,NULL,NULL,NULL,NULL,NULL,NULL,NULL,NULL,NULL,NULL,NULL,NULL,NULL,NULL,NULL,NULL,NULL,NULL,NULL,NULL,NULL,NULL,NULL,NULL,NULL,NULL,NULL,NULL,NULL,NULL,NULL,NULL,NULL,NULL,NULL,NULL,NULL,NULL,NULL,NULL,NULL,NULL,NULL,NULL,NULL,NULL,NULL,NULL,2029.0000,NULL,NULL,NULL,2015-12-21 15:01:16.000,OBINNA,NULL,NULL,NULL,NULL,0.0000,NULL,NULL,NULL,NULL,NULL,NULL,NULL,NULL,NULL,NULL,NULL,NULL,NULL,NULL,NULL,NULL,NULL,NULL,NULL,NULL,NULL,NULL,NULL,NULL,NULL,NULL,NULL,NULL,NULL,1,NULL,NULL,NULL,NULL,NULL,NULL
PSU,MAIN CAMPUS,B0250,CPS - Campus Public Safety (KHSE),OCCUPIED,5-GEN OFFICE,AUX,NULL,NULL,633 SW MONTGOMERY ST,NULL,PORTLAND,NULL,OR,97201,US,Y,NULL,NULL,NULL,NULL,NULL,NULL,NULL,NULL,NULL,NULL,NULL,NULL,NULL,NULL,NULL,NULL,4937.7200,NULL,NULL,NULL,NULL,NULL,NULL,NULL,NULL,NULL,NULL,NULL,NULL,NULL,NULL,NULL,NULL,NULL,NULL,NULL,NULL,NULL,NULL,NULL,NULL,NULL,NULL,NULL,NULL,NULL,NULL,NULL,NULL,NULL,NULL,NULL,13244.0000,NULL,NULL,NULL,2016-06-14 13:50:18.000,SHERYR,NULL,2336.19,1243.87,7461.78,0.0000,NULL,NULL,NULL,NULL,NULL,NULL,NULL,NULL,NULL,NULL,NULL,NULL,NULL,NULL,NULL,NULL,NULL,NULL,NULL,NULL,NULL,NULL,NULL,NULL,NULL,NULL,NULL,NULL,NULL,1,NULL,NULL,NULL,NULL,NULL,NULL
PSU,MAIN CAMPUS,B0106,KNGA - KING ALBERT RESIDENCE HALL,OCCUPIED,2-HSG & RSRCH,AUX,NULL,NULL,1809 SW ELEVENTH AVENUE,NULL,PORTLAND,NULL,OR,97201,US,Y,NULL,NULL,NULL,NULL,NULL,NULL,NULL,NULL,NULL,NULL,NULL,NULL,NULL,NULL,NULL,NULL,NULL,NULL,NULL,NULL,NULL,NULL,NULL,NULL,NULL,NULL,NULL,NULL,NULL,NULL,NULL,NULL,NULL,NULL,NULL,NULL,NULL,NULL,NULL,NULL,NULL,NULL,NULL,NULL,NULL,NULL,NULL,NULL,NULL,NULL,NULL,NULL,38747.0000,NULL,NULL,NULL,2015-03-13 09:25:24.000,SHERYR,NULL,NULL,NULL,NULL,0.0000,NULL,NULL,NULL,NULL,NULL,NULL,NULL,NULL,NULL,NULL,NULL,NULL,NULL,NULL,NULL,NULL,NULL,NULL,NULL,NULL,NULL,NULL,NULL,NULL,NULL,NULL,NULL,NULL,NULL,1,NULL,NULL,NULL,NULL,NULL,NULL
PSU,MAIN CAMPUS,B0001,LH - LINCOLN HALL,OCCUPIED,4-GEN CLASSRM,E-G,NULL,NULL,1620 SW PARK AVENUE,NULL,PORTLAND,NULL,OR,97201,US,Y,NULL,NULL,NULL,NULL,NULL,NULL,NULL,NULL,NULL,NULL,NULL,NULL,NULL,NULL,NULL,NULL,NULL,NULL,NULL,NULL,NULL,NULL,NULL,NULL,NULL,NULL,NULL,NULL,NULL,NULL,NULL,NULL,NULL,NULL,NULL,NULL,NULL,NULL,NULL,NULL,NULL,NULL,NULL,NULL,NULL,NULL,NULL,NULL,NULL,NULL,NULL,NULL,145139.0000,NULL,NULL,NULL,2015-12-21 15:02:21.000,OBINNA,NULL,NULL,NULL,0.00,0.0000,NULL,NULL,NULL,NULL,NULL,NULL,NULL,NULL,NULL,NULL,NULL,NULL,NULL,NULL,NULL,NULL,NULL,NULL,NULL,NULL,NULL,NULL,NULL,NULL,NULL,NULL,NULL,NULL,NULL,1,NULL,NULL,NULL,NULL,NULL,NULL
PSU,MAIN CAMPUS,B0018B,LIBE - LIBRARY EAST,INACTIVE,3-SUPPORT BLDG,AUX,NULL,NULL,1825 SW BROADWAY,NULL,PORTLAND,NULL,OR,97201,US,Y,NULL,NULL,NULL,NULL,NULL,NULL,NULL,NULL,NULL,NULL,NULL,NULL,NULL,NULL,NULL,NULL,273.7500,NULL,NULL,NULL,NULL,NULL,NULL,NULL,NULL,NULL,NULL,NULL,NULL,NULL,NULL,NULL,NULL,NULL,NULL,NULL,NULL,NULL,NULL,NULL,NULL,NULL,NULL,NULL,NULL,NULL,NULL,NULL,NULL,NULL,NULL,NULL,0.0000,NULL,NULL,NULL,2016-08-17 14:21:53.000,LUCIUS,NULL,10522.32,1433.68,14434.73,0.0000,NULL,NULL,NULL,NULL,NULL,NULL,NULL,NULL,NULL,NULL,NULL,NULL,NULL,NULL,NULL,NULL,NULL,NULL,NULL,NULL,NULL,NULL,NULL,NULL,NULL,NULL,NULL,NULL,NULL,1,NULL,NULL,NULL,NULL,NULL,NULL
PSU,MAIN CAMPUS,N0165,LOOP - CAMPUS LOOP,OCCUPIED,NULL,NB,NULL,NULL,NULL,NULL,NULL,NULL,NULL,NULL,US,Y,NULL,NULL,0.0000,NULL,NULL,0.0000,NULL,NULL,0.00,0.00,0.00,0.00,0.00,NULL,NULL,NULL,NULL,NULL,NULL,NULL,NULL,NULL,Y,Y,NULL,NULL,NULL,NULL,NULL,NULL,0,0,NULL,NULL,0,NULL,NULL,NULL,NULL,NULL,NULL,NULL,NULL,NULL,NULL,NULL,NULL,NULL,NULL,NULL,NULL,NULL,23731.0000,NULL,NULL,NULL,2015-10-12 10:13:05.000,LEONARD8,NULL,NULL,NULL,NULL,NULL,NULL,NULL,NULL,NULL,NULL,NULL,NULL,NULL,NULL,NULL,NULL,NULL,NULL,NULL,NULL,NULL,NULL,NULL,NULL,NULL,NULL,NULL,NULL,NULL,NULL,NULL,NULL,NULL,NULL,1,NULL,NULL,NULL,NULL,NULL,NULL
PSU,MAIN CAMPUS,B0022,ML - MILLAR LIBRARY,OCCUPIED,3-SUPPORT BLDG,E-G,NULL,NULL,1875 SW PARK AVENUE,NULL,PORTLAND,NULL,OR,97201,US,Y,NULL,NULL,NULL,NULL,NULL,NULL,NULL,NULL,NULL,NULL,NULL,NULL,NULL,NULL,NULL,NULL,NULL,NULL,NULL,NULL,NULL,NULL,NULL,NULL,NULL,NULL,NULL,NULL,NULL,NULL,NULL,NULL,NULL,NULL,NULL,NULL,NULL,NULL,NULL,NULL,NULL,NULL,NULL,NULL,NULL,NULL,NULL,NULL,NULL,NULL,NULL,NULL,208640.0000,NULL,NULL,NULL,2015-12-21 15:03:56.000,OBINNA,NULL,NULL,NULL,NULL,0.0000,NULL,NULL,NULL,NULL,NULL,NULL,NULL,NULL,NULL,NULL,NULL,NULL,NULL,NULL,NULL,NULL,NULL,NULL,NULL,NULL,NULL,NULL,NULL,NULL,NULL,NULL,NULL,NULL,NULL,1,NULL,NULL,NULL,NULL,NULL,NULL
PSU,MAIN CAMPUS,B0102,MONT - MONTGOMERY RESIDENCE HALL,OCCUPIED,2-HSG & RSRCH,AUX,NULL,NULL,1802 SW TENTH AVENUE,NULL,PORTLAND,NULL,OR,97201,US,Y,NULL,NULL,NULL,NULL,NULL,NULL,NULL,NULL,NULL,NULL,NULL,NULL,NULL,NULL,NULL,NULL,NULL,NULL,NULL,NULL,NULL,NULL,NULL,NULL,NULL,NULL,NULL,NULL,NULL,NULL,NULL,NULL,NULL,NULL,NULL,NULL,NULL,NULL,NULL,NULL,NULL,NULL,NULL,NULL,NULL,NULL,NULL,NULL,NULL,NULL,NULL,NULL,43320.0000,NULL,NULL,NULL,2015-03-13 09:26:20.000,SHERYR,NULL,NULL,NULL,NULL,0.0000,NULL,NULL,NULL,NULL,NULL,NULL,NULL,NULL,NULL,NULL,NULL,NULL,NULL,NULL,NULL,NULL,NULL,NULL,NULL,NULL,NULL,NULL,NULL,NULL,NULL,NULL,NULL,NULL,NULL,1,NULL,NULL,NULL,NULL,NULL,NULL
PSU,MAIN CAMPUS,B0257,MSQ - MARKET SQUARE BUILDING (LEASE EXPIRED MAY 2013),INACTIVE,5-GEN OFFICE,E-G,NULL,NULL,1515 SW 5TH AVENUE,NULL,PORTLAND,NULL,OR,97201,US,N,NULL,NULL,0.0000,NULL,NULL,0.0000,NULL,NULL,0.00,0.00,0.00,0.00,0.00,NULL,NULL,NULL,NULL,NULL,NULL,NULL,NULL,NULL,N,N,NULL,NULL,NULL,NULL,NULL,NULL,0,0,NULL,NULL,0,NULL,NULL,NULL,NULL,NULL,NULL,NULL,NULL,NULL,NULL,NULL,NULL,NULL,NULL,NULL,NULL,NULL,0.0000,NULL,NULL,NULL,2015-12-21 15:49:24.000,LEONARD8,NULL,NULL,NULL,NULL,0.0000,NULL,NULL,NULL,NULL,NULL,NULL,NULL,NULL,NULL,NULL,NULL,NULL,NULL,NULL,NULL,NULL,NULL,NULL,NULL,NULL,NULL,NULL,NULL,NULL,NULL,NULL,NULL,NULL,NULL,1,NULL,NULL,NULL,NULL,NULL,NULL
PSU,MAIN CAMPUS,B0040,NASCC - NATIVE AMERICAN STUDENT COMMUNITY CENTER,OCCUPIED,4-GEN CLASSRM,AUX,NULL,NULL,710 SW JACKSON,NULL,PORTLAND,NULL,OR,97201,US,Y,NULL,NULL,NULL,NULL,NULL,NULL,NULL,NULL,NULL,NULL,NULL,NULL,NULL,NULL,NULL,NULL,NULL,NULL,NULL,NULL,NULL,NULL,NULL,NULL,NULL,NULL,NULL,NULL,NULL,NULL,NULL,NULL,NULL,NULL,NULL,NULL,NULL,NULL,NULL,NULL,NULL,NULL,NULL,NULL,NULL,NULL,NULL,NULL,NULL,NULL,NULL,NULL,14887.0000,NULL,NULL,NULL,2016-11-16 10:30:28.000,PPOWERS,NULL,NULL,NULL,NULL,0.0000,NULL,NULL,NULL,NULL,NULL,NULL,39724,NULL,NULL,NULL,NULL,NULL,NULL,NULL,NULL,NULL,NULL,NULL,NULL,NULL,NULL,NULL,NULL,NULL,NULL,NULL,NULL,NULL,NULL,1,NULL,NULL,NULL,NULL,NULL,NULL
PSU,MAIN CAMPUS,I0211,NGH - NORTH GREENHOUSE,OCCUPIED,2-HSG & RSRCH,E-G,NULL,NULL,1820 SW 10TH AVE,NULL,PORTLAND,NULL,OR,97201,US,Y,NULL,NULL,NULL,NULL,NULL,NULL,NULL,NULL,NULL,NULL,NULL,NULL,NULL,NULL,NULL,NULL,NULL,NULL,NULL,NULL,NULL,NULL,NULL,NULL,NULL,NULL,NULL,NULL,NULL,NULL,NULL,NULL,NULL,NULL,NULL,NULL,NULL,NULL,NULL,NULL,NULL,NULL,NULL,NULL,NULL,NULL,NULL,NULL,NULL,NULL,NULL,NULL,1800.0000,NULL,NULL,NULL,2015-12-21 15:05:32.000,OBINNA,NULL,NULL,NULL,NULL,0.0000,NULL,NULL,NULL,NULL,NULL,NULL,NULL,NULL,NULL,NULL,NULL,NULL,NULL,NULL,NULL,NULL,NULL,NULL,NULL,NULL,NULL,NULL,NULL,NULL,NULL,NULL,NULL,NULL,NULL,1,NULL,NULL,NULL,NULL,NULL,NULL
PSU,MAIN CAMPUS,B0002,NH - NEUBERGER HALL,OCCUPIED,4-GEN CLASSRM,E-G,NULL,NULL,724 SW HARRISON STREET,NULL,PORTLAND,NULL,OR,97201,US,Y,NULL,NULL,NULL,NULL,NULL,NULL,NULL,NULL,NULL,NULL,NULL,NULL,NULL,NULL,NULL,NULL,3264.2800,NULL,NULL,NULL,NULL,NULL,NULL,NULL,NULL,NULL,NULL,NULL,NULL,NULL,NULL,NULL,NULL,NULL,NULL,NULL,NULL,NULL,NULL,NULL,NULL,NULL,NULL,NULL,NULL,NULL,NULL,NULL,NULL,NULL,NULL,NULL,237874.0000,NULL,NULL,NULL,2015-12-21 15:05:55.000,OBINNA,NULL,32301.07,2366.66,71913.70,0.0000,NULL,NULL,NULL,NULL,NULL,NULL,NULL,NULL,NULL,NULL,NULL,NULL,NULL,NULL,NULL,NULL,NULL,NULL,NULL,NULL,NULL,NULL,NULL,NULL,NULL,NULL,NULL,NULL,NULL,1,NULL,NULL,NULL,NULL,NULL,NULL
PSU,OFF CAMPUS,B0HBAY,OGI - JACK MURDOCK BUILDING- OHSU WEST CAMPUS,INACTIVE,NULL,E-G,NULL,NULL,20000 NW WALKER RD,NULL,PORTLAND,NULL,OR,NULL,US,N,NULL,NULL,0.0000,NULL,NULL,0.0000,NULL,NULL,0.00,0.00,0.00,0.00,0.00,NULL,NULL,NULL,NULL,NULL,NULL,NULL,NULL,NULL,NULL,NULL,NULL,NULL,NULL,NULL,NULL,NULL,0,0,NULL,NULL,0,NULL,NULL,NULL,NULL,NULL,NULL,NULL,NULL,NULL,NULL,NULL,NULL,NULL,NULL,NULL,NULL,NULL,NULL,NULL,NULL,NULL,2015-12-23 09:35:38.000,LEONARD8,NULL,NULL,NULL,NULL,NULL,NULL,NULL,NULL,NULL,NULL,NULL,NULL,NULL,NULL,NULL,NULL,NULL,NULL,NULL,NULL,NULL,NULL,NULL,NULL,NULL,NULL,NULL,NULL,NULL,NULL,NULL,NULL,NULL,NULL,1,NULL,NULL,NULL,NULL,NULL,NULL
PSU,MAIN CAMPUS,B0011,OND - ONDINE RESIDENCE HALL,OCCUPIED,2-HSG & RSRCH,AUX,NULL,NULL,1912 SW SIXTH AVENUE,NULL,PORTLAND,NULL,OR,97201,US,Y,NULL,NULL,NULL,NULL,NULL,NULL,NULL,NULL,NULL,NULL,NULL,NULL,NULL,NULL,NULL,NULL,NULL,NULL,NULL,NULL,NULL,NULL,Y,Y,NULL,NULL,NULL,NULL,NULL,NULL,NULL,NULL,NULL,NULL,NULL,NULL,NULL,NULL,NULL,NULL,NULL,NULL,NULL,NULL,NULL,NULL,NULL,NULL,NULL,NULL,NULL,NULL,169292.0000,NULL,NULL,NULL,2015-12-21 15:07:16.000,OBINNA,NULL,NULL,NULL,NULL,0.0000,NULL,NULL,NULL,NULL,NULL,NULL,NULL,NULL,NULL,NULL,NULL,NULL,NULL,NULL,NULL,NULL,NULL,NULL,NULL,NULL,NULL,NULL,NULL,NULL,NULL,NULL,NULL,NULL,NULL,1,NULL,NULL,NULL,NULL,NULL,NULL
PSU,MAIN CAMPUS,M0005,PBX - PARK BLOCKS,OCCUPIED,NULL,NB,NULL,NULL,NULL,NULL,NULL,NULL,NULL,NULL,US,N,NULL,NULL,0.0000,NULL,NULL,0.0000,NULL,NULL,0.00,0.00,0.00,0.00,0.00,NULL,NULL,NULL,NULL,NULL,NULL,NULL,NULL,NULL,NULL,NULL,NULL,NULL,NULL,NULL,NULL,NULL,0,0,NULL,NULL,0,NULL,NULL,NULL,NULL,NULL,NULL,NULL,NULL,NULL,NULL,NULL,NULL,NULL,NULL,NULL,NULL,NULL,NULL,NULL,NULL,NULL,2015-10-12 10:14:15.000,LEONARD8,NULL,NULL,NULL,NULL,0.0000,NULL,NULL,NULL,NULL,NULL,NULL,NULL,NULL,NULL,NULL,NULL,NULL,NULL,NULL,NULL,NULL,NULL,NULL,NULL,NULL,0.0000,NULL,NULL,NULL,NULL,NULL,NULL,NULL,NULL,1,NULL,NULL,NULL,NULL,NULL,NULL
PSU,MAIN CAMPUS,B0032,PCAT - PORTLAND CENTER FOR ADVANCED TECHNOLOGY,DEMOLISHED,NULL,E-G,NULL,NULL,1800 SW SIXTH AVENUE,NULL,PORTLAND,NULL,OR,NULL,US,Y,NULL,NULL,NULL,NULL,NULL,NULL,NULL,NULL,NULL,NULL,NULL,NULL,NULL,NULL,NULL,NULL,NULL,NULL,NULL,NULL,NULL,NULL,NULL,NULL,NULL,NULL,NULL,NULL,NULL,NULL,NULL,NULL,NULL,NULL,NULL,NULL,NULL,NULL,NULL,NULL,NULL,NULL,NULL,NULL,NULL,NULL,NULL,NULL,NULL,NULL,NULL,NULL,0.0000,NULL,NULL,NULL,2015-12-21 15:52:46.000,LEONARD8,NULL,NULL,NULL,NULL,0.0000,NULL,NULL,NULL,NULL,NULL,NULL,NULL,NULL,NULL,NULL,NULL,NULL,NULL,NULL,NULL,NULL,NULL,NULL,NULL,NULL,NULL,NULL,NULL,NULL,NULL,NULL,NULL,NULL,NULL,1,NULL,NULL,NULL,NULL,NULL,NULL
PSU,MAIN CAMPUS,N0017,PED - PEDESTRIAN WALKWAY/BRIDGE,OCCUPIED,NULL,NB,NULL,NULL,NULL,NULL,NULL,NULL,NULL,NULL,US,Y,NULL,NULL,0.0000,NULL,NULL,0.0000,NULL,NULL,0.00,0.00,0.00,0.00,0.00,NULL,NULL,NULL,NULL,NULL,NULL,NULL,NULL,NULL,NULL,NULL,NULL,NULL,NULL,NULL,NULL,NULL,0,0,NULL,NULL,0,NULL,NULL,NULL,NULL,NULL,NULL,NULL,NULL,NULL,NULL,NULL,NULL,NULL,NULL,NULL,NULL,NULL,NULL,NULL,NULL,NULL,2015-03-06 11:51:48.683,SHERYR,NULL,NULL,NULL,NULL,NULL,NULL,NULL,NULL,NULL,NULL,NULL,NULL,NULL,NULL,NULL,NULL,NULL,NULL,NULL,NULL,NULL,NULL,NULL,NULL,NULL,NULL,NULL,NULL,NULL,NULL,NULL,NULL,NULL,NULL,1,NULL,NULL,NULL,NULL,NULL,NULL
PSU,OFF CAMPUS,B0110,PREG - PRESIDENT'S  GARAGE,OCCUPIED,3-SUPPORT BLDG,E-G,NULL,NULL,11650 SW MILITARY ROAD,NULL,PORTLAND,NULL,OR,97219,US,Y,NULL,NULL,NULL,NULL,NULL,NULL,NULL,NULL,NULL,NULL,NULL,NULL,NULL,NULL,NULL,NULL,NULL,NULL,NULL,NULL,NULL,NULL,NULL,NULL,NULL,NULL,NULL,NULL,NULL,NULL,NULL,NULL,NULL,NULL,NULL,NULL,NULL,NULL,NULL,NULL,NULL,NULL,NULL,NULL,NULL,NULL,NULL,NULL,NULL,NULL,NULL,NULL,1752.0000,NULL,NULL,NULL,2015-12-21 15:12:51.000,OBINNA,NULL,NULL,NULL,NULL,0.0000,NULL,NULL,NULL,NULL,NULL,NULL,NULL,NULL,NULL,NULL,NULL,NULL,NULL,NULL,NULL,NULL,NULL,NULL,NULL,NULL,NULL,NULL,NULL,NULL,NULL,NULL,NULL,NULL,NULL,1,NULL,NULL,NULL,NULL,NULL,NULL
PSU,OFF CAMPUS,B0109,PRES - PRESIDENT'S RESIDENCE,OCCUPIED,3-SUPPORT BLDG,E-G,NULL,NULL,11650 SW MILITARY ROAD,NULL,PORTLAND,NULL,OR,97219,US,Y,NULL,NULL,NULL,NULL,NULL,NULL,NULL,NULL,NULL,NULL,NULL,NULL,NULL,NULL,NULL,NULL,NULL,NULL,NULL,NULL,NULL,NULL,NULL,NULL,NULL,NULL,NULL,NULL,NULL,NULL,NULL,NULL,NULL,NULL,NULL,NULL,NULL,NULL,NULL,NULL,NULL,NULL,NULL,NULL,NULL,NULL,NULL,NULL,NULL,NULL,NULL,NULL,7814.0000,NULL,NULL,NULL,2015-12-21 15:13:04.000,OBINNA,NULL,NULL,NULL,NULL,0.0000,NULL,NULL,NULL,NULL,NULL,NULL,NULL,NULL,NULL,NULL,NULL,NULL,NULL,NULL,NULL,NULL,NULL,NULL,NULL,NULL,NULL,NULL,NULL,NULL,NULL,NULL,NULL,NULL,NULL,1,NULL,NULL,NULL,NULL,NULL,NULL
PSU,MAIN CAMPUS,B0100,PRKW - PARKWAY RESIDENCE HALL,OCCUPIED,2-HSG & RSRCH,AUX,NULL,NULL,1609 SW PARK AVENUE,NULL,PORTLAND,NULL,OR,97201,US,Y,NULL,NULL,NULL,NULL,NULL,NULL,NULL,NULL,NULL,NULL,NULL,NULL,NULL,NULL,NULL,NULL,NULL,NULL,NULL,NULL,NULL,NULL,NULL,NULL,NULL,NULL,NULL,NULL,NULL,NULL,NULL,NULL,NULL,NULL,NULL,NULL,NULL,NULL,NULL,NULL,NULL,NULL,NULL,NULL,NULL,NULL,NULL,NULL,NULL,NULL,NULL,NULL,40500.0000,NULL,NULL,NULL,2015-03-13 09:31:24.000,SHERYR,NULL,NULL,NULL,NULL,0.0000,NULL,NULL,NULL,NULL,NULL,NULL,NULL,NULL,NULL,NULL,NULL,NULL,NULL,NULL,NULL,NULL,NULL,NULL,NULL,NULL,NULL,NULL,NULL,NULL,NULL,NULL,NULL,NULL,NULL,1,NULL,NULL,NULL,NULL,NULL,NULL
PSU,MAIN CAMPUS,B0021,PS1 - PARKING STRUCTURE 1,OCCUPIED,3-SUPPORT BLDG,PARKING,NULL,NULL,1872 SW BROADWAY AVENUE,NULL,PORTLAND,NULL,OR,97201,US,Y,NULL,NULL,NULL,NULL,NULL,NULL,NULL,NULL,NULL,NULL,NULL,NULL,NULL,NULL,NULL,NULL,NULL,NULL,NULL,NULL,NULL,NULL,NULL,NULL,NULL,NULL,NULL,NULL,NULL,NULL,NULL,NULL,NULL,NULL,NULL,NULL,NULL,NULL,NULL,NULL,NULL,NULL,NULL,NULL,NULL,NULL,NULL,NULL,NULL,NULL,NULL,NULL,342960.0000,NULL,NULL,NULL,2015-12-21 15:13:55.000,OBINNA,NULL,NULL,NULL,NULL,0.0000,NULL,NULL,NULL,NULL,NULL,NULL,NULL,NULL,NULL,NULL,NULL,NULL,NULL,NULL,NULL,NULL,NULL,NULL,NULL,NULL,NULL,NULL,NULL,NULL,NULL,NULL,NULL,NULL,NULL,1,NULL,NULL,NULL,NULL,NULL,NULL
PSU,MAIN CAMPUS,B0006A,PS2 - PARKING STRUCTURE 2,OCCUPIED,3-SUPPORT BLDG,PARKING,NULL,NULL,1724 SW BROADWAY AVENUE,NULL,PORTLAND,NULL,OR,97201,US,Y,NULL,NULL,NULL,NULL,NULL,NULL,NULL,NULL,NULL,NULL,NULL,NULL,NULL,NULL,NULL,NULL,NULL,NULL,NULL,NULL,NULL,NULL,NULL,NULL,NULL,NULL,NULL,NULL,NULL,NULL,NULL,NULL,NULL,NULL,NULL,NULL,NULL,NULL,NULL,NULL,NULL,NULL,NULL,NULL,NULL,NULL,NULL,NULL,NULL,NULL,NULL,NULL,121670.0000,NULL,NULL,NULL,2015-12-21 15:14:17.000,OBINNA,NULL,NULL,NULL,NULL,0.0000,NULL,NULL,NULL,NULL,NULL,NULL,NULL,NULL,NULL,NULL,NULL,NULL,NULL,NULL,NULL,NULL,NULL,NULL,NULL,NULL,NULL,NULL,NULL,NULL,NULL,NULL,NULL,NULL,NULL,1,NULL,NULL,NULL,NULL,NULL,NULL
PSU,MAIN CAMPUS,B0031,PS3 - PARKING STRUCTURE 3,OCCUPIED,3-SUPPORT BLDG,PARKING,NULL,NULL,1631 SW TWELFTH AVENUE,NULL,PORTLAND,NULL,OR,97201,US,Y,NULL,NULL,NULL,NULL,NULL,NULL,NULL,NULL,NULL,NULL,NULL,NULL,NULL,NULL,NULL,NULL,NULL,NULL,NULL,NULL,NULL,NULL,NULL,NULL,NULL,NULL,NULL,NULL,NULL,NULL,NULL,NULL,NULL,NULL,NULL,NULL,NULL,NULL,NULL,NULL,NULL,NULL,NULL,NULL,NULL,NULL,NULL,NULL,NULL,NULL,NULL,NULL,348933.0000,NULL,NULL,NULL,2015-12-21 15:14:40.000,OBINNA,NULL,NULL,NULL,NULL,0.0000,NULL,NULL,NULL,NULL,NULL,NULL,NULL,NULL,NULL,NULL,NULL,NULL,NULL,NULL,NULL,NULL,NULL,NULL,NULL,NULL,NULL,NULL,NULL,NULL,NULL,NULL,NULL,NULL,NULL,1,NULL,NULL,NULL,NULL,NULL,NULL
PSU,MAIN CAMPUS,B0004,PSC - PETER W. STOTT CENTER,OCCUPIED,4-GEN CLASSRM,AUX,NULL,NULL,930 SW HALL STREET,NULL,PORTLAND,NULL,OR,97201,US,Y,NULL,NULL,NULL,NULL,NULL,NULL,NULL,NULL,NULL,NULL,NULL,NULL,NULL,NULL,NULL,NULL,NULL,NULL,NULL,NULL,NULL,NULL,NULL,NULL,NULL,NULL,NULL,NULL,NULL,NULL,NULL,NULL,NULL,NULL,NULL,NULL,NULL,NULL,NULL,NULL,NULL,NULL,NULL,NULL,NULL,NULL,NULL,NULL,NULL,NULL,NULL,NULL,168270.0000,NULL,NULL,NULL,2015-12-21 15:15:02.000,OBINNA,NULL,NULL,NULL,NULL,0.0000,NULL,NULL,NULL,NULL,NULL,NULL,NULL,NULL,NULL,NULL,NULL,NULL,NULL,NULL,NULL,NULL,NULL,NULL,NULL,NULL,NULL,NULL,NULL,NULL,NULL,NULL,NULL,NULL,NULL,1,NULL,NULL,NULL,NULL,NULL,NULL
PSU,MAIN CAMPUS,M0145,CRF - COMMUNITY RECREATION FIELD (PSFLD - PETER STOTT FIELD),OCCUPIED,NULL,NB,NULL,NULL,930 SW HALL STREET,NULL,PORTLAND,NULL,OR,97201,US,Y,NULL,NULL,0.0000,NULL,NULL,0.0000,NULL,NULL,0.00,0.00,0.00,0.00,0.00,NULL,NULL,NULL,NULL,NULL,NULL,NULL,NULL,NULL,Y,Y,NULL,NULL,NULL,NULL,NULL,NULL,0,0,NULL,NULL,0,NULL,NULL,NULL,NULL,NULL,NULL,NULL,NULL,NULL,NULL,NULL,NULL,NULL,NULL,NULL,NULL,NULL,NULL,NULL,NULL,NULL,2015-10-12 10:14:02.000,LEONARD8,NULL,NULL,NULL,NULL,NULL,NULL,NULL,NULL,NULL,NULL,NULL,12011,NULL,NULL,NULL,NULL,NULL,NULL,NULL,NULL,NULL,NULL,NULL,NULL,NULL,0.0000,NULL,NULL,NULL,NULL,NULL,NULL,NULL,NULL,1,NULL,NULL,NULL,NULL,NULL,NULL
PSU,MAIN CAMPUS,I0210,RGH - RESEARCH GREENHOUSE,OCCUPIED,2-HSG & RSRCH,E-G,NULL,NULL,950 SW COLLEGE STREET,NULL,PORTLAND,NULL,OR,97201,US,Y,NULL,NULL,0.0000,NULL,NULL,0.0000,NULL,NULL,0.00,0.00,0.00,0.00,0.00,NULL,NULL,NULL,173.2500,NULL,NULL,NULL,NULL,NULL,NULL,NULL,NULL,NULL,NULL,NULL,NULL,NULL,0,0,NULL,NULL,0,NULL,NULL,NULL,NULL,NULL,NULL,NULL,NULL,NULL,NULL,NULL,NULL,NULL,NULL,NULL,NULL,NULL,5181.0000,NULL,NULL,NULL,2015-12-21 15:15:54.000,OBINNA,NULL,1169.81,64.17,3605.57,0.0000,NULL,NULL,NULL,NULL,NULL,NULL,NULL,NULL,NULL,NULL,NULL,NULL,NULL,NULL,NULL,NULL,NULL,NULL,NULL,NULL,0.0000,NULL,NULL,NULL,NULL,NULL,NULL,NULL,NULL,1,NULL,NULL,NULL,NULL,NULL,NULL
PSU,MAIN CAMPUS,B0035,SAB - SIXTH AVENUE BUILDING,INACTIVE,NULL,E-G,NULL,NULL,1950 SW SIXTH AVENUE,NULL,PORTLAND,NULL,OR,97201,US,Y,NULL,NULL,NULL,NULL,NULL,NULL,NULL,NULL,NULL,NULL,NULL,NULL,NULL,NULL,NULL,NULL,9940.9000,NULL,NULL,NULL,NULL,NULL,NULL,NULL,NULL,NULL,NULL,NULL,NULL,NULL,NULL,NULL,NULL,NULL,NULL,NULL,NULL,NULL,NULL,NULL,NULL,NULL,NULL,NULL,NULL,NULL,NULL,NULL,NULL,NULL,NULL,NULL,30000.0000,NULL,NULL,NULL,2015-12-21 15:55:01.000,LEONARD8,NULL,3885.90,935.58,13490.45,0.0000,NULL,NULL,NULL,NULL,NULL,NULL,NULL,NULL,NULL,NULL,NULL,NULL,NULL,NULL,NULL,NULL,NULL,NULL,NULL,NULL,NULL,NULL,NULL,NULL,NULL,NULL,NULL,NULL,NULL,1,NULL,NULL,NULL,NULL,NULL,NULL
PSU,MAIN CAMPUS,B0003,SB1 - SCIENCE BUILDING ONE,OCCUPIED,2-HSG & RSRCH,E-G,NULL,NULL,1025 SW MILL STREET,NULL,PORTLAND,NULL,OR,97201,US,Y,NULL,NULL,NULL,NULL,NULL,NULL,NULL,NULL,NULL,NULL,NULL,NULL,NULL,NULL,NULL,NULL,16593.6300,NULL,NULL,NULL,NULL,NULL,NULL,NULL,NULL,NULL,NULL,NULL,NULL,NULL,NULL,NULL,NULL,NULL,NULL,NULL,NULL,NULL,NULL,NULL,NULL,NULL,NULL,NULL,NULL,NULL,NULL,NULL,NULL,NULL,NULL,NULL,92610.0000,NULL,NULL,NULL,2016-03-31 07:27:48.000,WOLF,NULL,17225.08,2220.85,59645.76,0.0000,NULL,NULL,NULL,NULL,NULL,NULL,NULL,NULL,NULL,NULL,NULL,NULL,NULL,NULL,NULL,NULL,NULL,NULL,NULL,NULL,NULL,NULL,NULL,NULL,NULL,NULL,NULL,NULL,NULL,1,NULL,NULL,NULL,NULL,NULL,NULL
PSU,MAIN CAMPUS,B0005,SRTC - SCIENCE RESEARCH & TEACHING CENTER,OCCUPIED,2-HSG & RSRCH,E-G,NULL,NULL,1719 SW TENTH AVENUE,NULL,PORTLAND,NULL,OR,97201,US,Y,NULL,NULL,NULL,NULL,NULL,NULL,NULL,NULL,NULL,NULL,NULL,NULL,NULL,NULL,NULL,NULL,23116.0300,NULL,NULL,NULL,NULL,NULL,NULL,NULL,NULL,NULL,NULL,NULL,NULL,NULL,NULL,NULL,NULL,NULL,NULL,NULL,NULL,NULL,NULL,NULL,NULL,NULL,NULL,NULL,NULL,NULL,NULL,NULL,NULL,NULL,NULL,NULL,215860.0000,NULL,NULL,NULL,2015-12-21 15:18:56.000,OBINNA,NULL,29726.16,2759.32,131997.33,0.0000,NULL,NULL,NULL,NULL,NULL,NULL,NULL,NULL,NULL,NULL,NULL,NULL,NULL,NULL,NULL,NULL,NULL,NULL,NULL,NULL,NULL,NULL,NULL,NULL,NULL,NULL,NULL,NULL,NULL,1,NULL,NULL,NULL,NULL,NULL,NULL
PSU,MAIN CAMPUS,B0099,SBH - SIMON BENSON HOUSE,OCCUPIED,5-GEN OFFICE,E-G,NULL,NULL,1803 SW PARK AVENUE,NULL,PORTLAND,NULL,OR,97201,US,Y,NULL,NULL,NULL,NULL,NULL,NULL,NULL,NULL,NULL,NULL,NULL,NULL,NULL,NULL,NULL,NULL,NULL,NULL,NULL,NULL,NULL,NULL,NULL,NULL,NULL,NULL,NULL,NULL,NULL,NULL,NULL,NULL,NULL,NULL,NULL,NULL,NULL,NULL,NULL,NULL,NULL,NULL,NULL,NULL,NULL,NULL,NULL,NULL,NULL,NULL,NULL,NULL,4209.0000,NULL,NULL,NULL,2015-12-21 15:16:45.000,OBINNA,NULL,NULL,NULL,NULL,0.0000,NULL,NULL,NULL,NULL,NULL,NULL,NULL,NULL,NULL,NULL,NULL,NULL,NULL,NULL,NULL,NULL,NULL,NULL,NULL,NULL,NULL,NULL,NULL,NULL,NULL,NULL,NULL,NULL,NULL,1,NULL,NULL,NULL,NULL,NULL,NULL
PSU,MAIN CAMPUS,B0042,SEH - STEPHEN EPLER RESIDENCE HALL,OCCUPIED,2-HSG & RSRCH,AUX,NULL,NULL,1136 SW MONTGOMERY STREET,NULL,PORTLAND,NULL,OR,97201,US,Y,NULL,NULL,NULL,NULL,NULL,NULL,NULL,NULL,NULL,NULL,NULL,NULL,NULL,NULL,NULL,NULL,NULL,NULL,NULL,NULL,NULL,NULL,NULL,NULL,NULL,NULL,NULL,NULL,NULL,NULL,NULL,NULL,NULL,NULL,NULL,NULL,NULL,NULL,NULL,NULL,NULL,NULL,NULL,NULL,NULL,NULL,NULL,NULL,NULL,NULL,NULL,NULL,61174.0000,NULL,NULL,NULL,2015-12-21 15:17:28.000,OBINNA,NULL,NULL,NULL,NULL,0.0000,NULL,NULL,NULL,NULL,NULL,NULL,NULL,NULL,NULL,NULL,NULL,NULL,NULL,NULL,NULL,NULL,NULL,NULL,NULL,NULL,NULL,NULL,NULL,NULL,NULL,NULL,NULL,NULL,NULL,1,NULL,NULL,NULL,NULL,NULL,NULL
PSU,OFF CAMPUS,T-SELW,SELW - SELLWOOD WAREHOUSE,UNOCCUPIED,NULL,E-G,NULL,NULL,1702 SE OCHOCO,NULL,NULL,NULL,OR,NULL,US,N,NULL,NULL,NULL,NULL,NULL,NULL,NULL,NULL,NULL,NULL,NULL,NULL,NULL,NULL,NULL,NULL,NULL,NULL,NULL,NULL,NULL,NULL,NULL,NULL,NULL,NULL,NULL,NULL,NULL,NULL,NULL,NULL,NULL,NULL,NULL,NULL,NULL,NULL,NULL,NULL,NULL,NULL,NULL,NULL,NULL,NULL,NULL,NULL,NULL,NULL,NULL,NULL,NULL,NULL,NULL,NULL,2015-12-21 15:17:45.000,OBINNA,NULL,NULL,NULL,NULL,0.0000,NULL,NULL,NULL,NULL,NULL,NULL,NULL,NULL,NULL,NULL,NULL,NULL,NULL,NULL,NULL,NULL,NULL,NULL,NULL,NULL,NULL,NULL,NULL,NULL,NULL,NULL,NULL,NULL,NULL,1,NULL,NULL,NULL,NULL,NULL,NULL
PSU,MAIN CAMPUS,I0212,SGH - SOUTH GREENHOUSE,OCCUPIED,2-HSG & RSRCH,E-G,NULL,NULL,1822 SW 10TH AVE,NULL,PORTLAND,NULL,OR,97201,US,Y,NULL,NULL,NULL,NULL,NULL,NULL,NULL,NULL,NULL,NULL,NULL,NULL,NULL,NULL,NULL,NULL,NULL,NULL,NULL,NULL,NULL,NULL,NULL,NULL,NULL,NULL,NULL,NULL,NULL,NULL,NULL,NULL,NULL,NULL,NULL,NULL,NULL,NULL,NULL,NULL,NULL,NULL,NULL,NULL,NULL,NULL,NULL,NULL,NULL,NULL,NULL,NULL,1800.0000,NULL,NULL,NULL,2015-12-21 15:17:57.000,OBINNA,NULL,NULL,NULL,NULL,0.0000,NULL,NULL,NULL,NULL,NULL,NULL,NULL,NULL,NULL,NULL,NULL,NULL,NULL,NULL,NULL,NULL,NULL,NULL,NULL,NULL,NULL,NULL,NULL,NULL,NULL,NULL,NULL,NULL,NULL,1,NULL,NULL,NULL,NULL,NULL,NULL
PSU,MAIN CAMPUS,B0025,SH - SHATTUCK HALL & ANNEX,OCCUPIED,4-GEN CLASSRM,E-G,NULL,NULL,1914 SW PARK AVENUE,NULL,PORTLAND,NULL,OR,97201,US,Y,NULL,NULL,NULL,NULL,NULL,NULL,NULL,NULL,NULL,NULL,NULL,NULL,NULL,NULL,NULL,NULL,NULL,NULL,NULL,NULL,NULL,NULL,NULL,NULL,NULL,NULL,NULL,NULL,NULL,NULL,NULL,NULL,NULL,NULL,NULL,NULL,NULL,NULL,NULL,NULL,NULL,NULL,NULL,NULL,NULL,NULL,NULL,NULL,NULL,NULL,NULL,NULL,73082.0000,NULL,NULL,NULL,2015-12-21 15:18:10.000,OBINNA,NULL,NULL,NULL,NULL,0.0000,NULL,NULL,NULL,NULL,NULL,NULL,NULL,NULL,NULL,NULL,NULL,NULL,NULL,NULL,NULL,NULL,NULL,NULL,NULL,NULL,NULL,NULL,NULL,NULL,NULL,NULL,NULL,NULL,NULL,1,NULL,NULL,NULL,NULL,NULL,NULL
PSU,MAIN CAMPUS,B0018A,SMSU - SMITH MEMORIAL STUDENT UNION,OCCUPIED,3-SUPPORT BLDG,AUX,NULL,NULL,1825 SW BROADWAY AVENUE,NULL,PORTLAND,NULL,OR,97201,US,Y,NULL,NULL,NULL,NULL,NULL,NULL,NULL,NULL,NULL,NULL,NULL,NULL,NULL,NULL,NULL,NULL,2657.7600,NULL,NULL,NULL,NULL,NULL,NULL,NULL,NULL,NULL,NULL,NULL,NULL,NULL,NULL,NULL,NULL,NULL,NULL,NULL,NULL,NULL,NULL,NULL,NULL,NULL,NULL,NULL,NULL,NULL,NULL,NULL,NULL,NULL,NULL,NULL,220435.0000,NULL,NULL,NULL,2015-12-21 15:18:41.000,OBINNA,NULL,26218.54,8825.65,76979.40,0.0000,NULL,NULL,NULL,NULL,NULL,NULL,NULL,NULL,NULL,NULL,NULL,NULL,NULL,NULL,NULL,NULL,NULL,NULL,NULL,NULL,NULL,NULL,NULL,NULL,NULL,NULL,NULL,NULL,NULL,1,NULL,NULL,NULL,NULL,NULL,NULL
PSU,MAIN CAMPUS,B0104,STFR - STRATFORD RESIDENCE HALL,OCCUPIED,2-HSG & RSRCH,AUX,NULL,NULL,1609 SW TENTH AVENUE,NULL,PORTLAND,NULL,OR,97201,US,Y,NULL,NULL,NULL,NULL,NULL,NULL,NULL,NULL,NULL,NULL,NULL,NULL,NULL,NULL,NULL,NULL,NULL,NULL,NULL,NULL,NULL,NULL,NULL,NULL,NULL,NULL,NULL,NULL,NULL,NULL,NULL,NULL,NULL,NULL,NULL,NULL,NULL,NULL,NULL,NULL,NULL,NULL,NULL,NULL,NULL,NULL,NULL,NULL,NULL,NULL,NULL,NULL,22950.0000,NULL,NULL,NULL,2015-03-13 09:33:33.000,SHERYR,NULL,NULL,NULL,NULL,0.0000,NULL,NULL,NULL,NULL,NULL,NULL,NULL,NULL,NULL,NULL,NULL,NULL,NULL,NULL,NULL,NULL,NULL,NULL,NULL,NULL,NULL,NULL,NULL,NULL,NULL,NULL,NULL,NULL,NULL,1,NULL,NULL,NULL,NULL,NULL,NULL
PSU,MAIN CAMPUS,B0105,STHL - ST HELENS RESIDENCE HALL,OCCUPIED,2-HSG & RSRCH,AUX,NULL,NULL,1131 SW MONTGOMERY STREET,NULL,PORTLAND,NULL,OR,97201,US,Y,NULL,NULL,NULL,NULL,NULL,NULL,NULL,NULL,NULL,NULL,NULL,NULL,NULL,NULL,NULL,NULL,NULL,NULL,NULL,NULL,NULL,NULL,NULL,NULL,NULL,NULL,NULL,NULL,NULL,NULL,NULL,NULL,NULL,NULL,NULL,NULL,NULL,NULL,NULL,NULL,NULL,NULL,NULL,NULL,NULL,NULL,NULL,NULL,NULL,NULL,NULL,NULL,36280.0000,NULL,NULL,NULL,2016-03-25 07:58:00.000,WOLF,NULL,NULL,NULL,NULL,0.0000,NULL,NULL,NULL,NULL,NULL,NULL,NULL,NULL,NULL,NULL,NULL,NULL,NULL,NULL,NULL,NULL,NULL,NULL,NULL,NULL,NULL,NULL,NULL,NULL,NULL,NULL,NULL,NULL,NULL,1,NULL,NULL,NULL,NULL,NULL,NULL
PSU,MAIN CAMPUS,B0133,SYSC - SYSTEMS SCIENCE PH.D. PROGRAM,DEMOLISHED,NULL,E-G,NULL,NULL,1633 SW ELEVENTH AVENUE,NULL,PORTLAND,NULL,OR,97201,US,Y,NULL,NULL,NULL,NULL,NULL,NULL,NULL,NULL,NULL,NULL,NULL,NULL,NULL,NULL,NULL,NULL,NULL,NULL,NULL,NULL,NULL,NULL,NULL,NULL,NULL,NULL,NULL,NULL,NULL,NULL,NULL,NULL,NULL,NULL,NULL,NULL,NULL,NULL,NULL,NULL,NULL,NULL,NULL,NULL,NULL,NULL,NULL,NULL,NULL,NULL,NULL,NULL,0.0000,NULL,NULL,NULL,2015-12-21 15:56:57.000,LEONARD8,NULL,NULL,NULL,NULL,0.0000,NULL,NULL,NULL,NULL,NULL,NULL,NULL,NULL,NULL,NULL,NULL,NULL,NULL,NULL,NULL,NULL,NULL,NULL,NULL,NULL,NULL,NULL,NULL,NULL,NULL,NULL,NULL,NULL,NULL,1,NULL,NULL,NULL,NULL,NULL,NULL
PSU,MAIN CAMPUS,B0255,LBG - LIBRARY BIKE GARAGE,OCCUPIED,PARK,AUX,NULL,NULL,979 SW HARRISON,NULL,PORTLAND,NULL,OR,97201,US,Y,NULL,NULL,0.0000,NULL,NULL,0.0000,NULL,NULL,0.00,0.00,0.00,0.00,0.00,NULL,NULL,NULL,NULL,NULL,NULL,NULL,NULL,NULL,Y,Y,NULL,NULL,NULL,NULL,NULL,NULL,0,0,NULL,NULL,0,NULL,NULL,NULL,NULL,NULL,NULL,NULL,NULL,NULL,NULL,NULL,NULL,NULL,NULL,NULL,NULL,NULL,NULL,NULL,NULL,NULL,2017-07-26 10:51:49.000,LUCIUS,NULL,NULL,NULL,NULL,NULL,NULL,NULL,NULL,NULL,NULL,NULL,8560,NULL,NULL,NULL,NULL,NULL,NULL,NULL,NULL,NULL,NULL,NULL,NULL,NULL,NULL,NULL,NULL,NULL,NULL,NULL,NULL,NULL,NULL,1,NULL,NULL,NULL,NULL,NULL,NULL
PSU,MAIN CAMPUS,B0200A,UCB - UNIVERSITY CENTER BUILDING,OCCUPIED,3-SUPPORT BLDG,AUX,NULL,NULL,527 SW HALL STREET,NULL,PORTLAND,NULL,OR,97201,US,Y,NULL,NULL,NULL,NULL,NULL,NULL,NULL,NULL,NULL,NULL,NULL,NULL,NULL,NULL,NULL,NULL,2474.6400,NULL,NULL,NULL,NULL,NULL,NULL,NULL,NULL,NULL,NULL,NULL,NULL,NULL,NULL,NULL,NULL,NULL,NULL,NULL,NULL,NULL,NULL,NULL,NULL,NULL,NULL,NULL,NULL,NULL,NULL,NULL,NULL,NULL,NULL,NULL,78108.0000,NULL,NULL,NULL,2015-12-21 15:20:05.000,OBINNA,NULL,28604.25,1817.09,183494.96,0.0000,NULL,NULL,NULL,NULL,NULL,NULL,NULL,NULL,NULL,NULL,NULL,NULL,NULL,NULL,NULL,NULL,NULL,NULL,NULL,NULL,NULL,NULL,NULL,NULL,NULL,NULL,NULL,NULL,NULL,1,NULL,NULL,NULL,NULL,NULL,NULL
PSU,MAIN CAMPUS,B0019,UH - UNIVERSITY HONORS (UHP),OCCUPIED,5-GEN OFFICE,E-G,NULL,NULL,1632 SW TWELFTH AVENUE,NULL,PORTLAND,NULL,OR,97201,US,Y,NULL,NULL,NULL,NULL,NULL,NULL,NULL,NULL,NULL,NULL,NULL,NULL,NULL,NULL,NULL,NULL,NULL,NULL,NULL,NULL,NULL,NULL,NULL,NULL,NULL,NULL,NULL,NULL,NULL,NULL,NULL,NULL,NULL,NULL,NULL,NULL,NULL,NULL,NULL,NULL,NULL,NULL,NULL,NULL,NULL,NULL,NULL,NULL,NULL,NULL,NULL,NULL,5433.0000,NULL,NULL,NULL,2015-12-21 15:20:19.000,OBINNA,NULL,NULL,NULL,NULL,0.0000,NULL,NULL,NULL,NULL,NULL,NULL,NULL,NULL,NULL,NULL,NULL,NULL,NULL,NULL,NULL,NULL,NULL,NULL,NULL,NULL,NULL,NULL,NULL,NULL,NULL,NULL,NULL,NULL,NULL,1,NULL,NULL,NULL,NULL,NULL,NULL
PSU,MAIN CAMPUS,B0202,UP - UNIVERSITY PLACE,OCCUPIED,3-SUPPORT BLDG,AUX,NULL,NULL,310 SW LINCOLN STREET,NULL,PORTLAND,NULL,OR,97201,US,Y,NULL,NULL,NULL,NULL,NULL,NULL,NULL,NULL,NULL,NULL,NULL,NULL,NULL,NULL,NULL,NULL,60441.2100,NULL,NULL,NULL,NULL,NULL,NULL,NULL,NULL,NULL,NULL,NULL,NULL,NULL,NULL,NULL,NULL,NULL,NULL,NULL,NULL,NULL,NULL,NULL,NULL,NULL,NULL,NULL,NULL,NULL,NULL,NULL,NULL,NULL,NULL,NULL,138124.0000,NULL,NULL,NULL,2015-03-06 11:51:48.683,SHERYR,NULL,31421.87,5104.79,90123.16,0.0000,NULL,NULL,NULL,NULL,NULL,NULL,NULL,NULL,NULL,NULL,NULL,NULL,NULL,NULL,NULL,NULL,NULL,NULL,NULL,NULL,NULL,NULL,NULL,NULL,NULL,NULL,NULL,NULL,NULL,1,NULL,NULL,NULL,NULL,NULL,NULL
PSU,MAIN CAMPUS,B0037,URBN - URBAN CENTER BUILDING,OCCUPIED,3-SUPPORT BLDG,E-G,NULL,NULL,506 SW MILL STREET,NULL,PORTLAND,NULL,OR,97201,US,Y,NULL,NULL,NULL,NULL,NULL,NULL,NULL,NULL,NULL,NULL,NULL,NULL,NULL,NULL,NULL,NULL,7803.7400,NULL,NULL,NULL,NULL,NULL,NULL,NULL,NULL,NULL,NULL,NULL,NULL,NULL,NULL,NULL,NULL,NULL,NULL,NULL,NULL,NULL,NULL,NULL,NULL,NULL,NULL,NULL,NULL,NULL,NULL,NULL,NULL,NULL,NULL,NULL,135176.0000,NULL,NULL,NULL,2015-12-21 15:20:49.000,OBINNA,NULL,29354.24,16981.60,81651.14,0.0000,NULL,NULL,NULL,NULL,NULL,NULL,NULL,NULL,NULL,NULL,NULL,NULL,NULL,NULL,NULL,NULL,NULL,NULL,NULL,NULL,NULL,NULL,NULL,NULL,NULL,NULL,NULL,NULL,NULL,1,NULL,NULL,NULL,NULL,NULL,NULL
PSU,MAIN CAMPUS,B0006B,USB - UNIVERSITY SERVICES BUILDING,OCCUPIED,2-HSG & RSRCH,E-G,NULL,NULL,617 SW MONTGOMERY STREET,NULL,PORTLAND,NULL,OR,97201,US,Y,NULL,NULL,NULL,NULL,NULL,NULL,NULL,NULL,NULL,NULL,NULL,NULL,NULL,NULL,NULL,NULL,899.2000,NULL,NULL,NULL,NULL,NULL,NULL,NULL,NULL,NULL,NULL,NULL,NULL,NULL,NULL,NULL,NULL,NULL,NULL,NULL,NULL,NULL,NULL,NULL,NULL,NULL,NULL,NULL,NULL,NULL,NULL,NULL,NULL,NULL,NULL,NULL,61965.0000,NULL,NULL,NULL,2015-12-21 15:21:10.000,OBINNA,NULL,2797.85,590.69,22672.78,0.0000,NULL,NULL,NULL,NULL,NULL,NULL,NULL,NULL,NULL,NULL,NULL,NULL,NULL,NULL,NULL,NULL,NULL,NULL,NULL,NULL,NULL,NULL,NULL,NULL,NULL,NULL,NULL,NULL,NULL,1,NULL,NULL,NULL,NULL,NULL,NULL
PSU,MAIN CAMPUS,B0251,UTS - 2121 SW FOURTH (UNIVERSITY TECHNOLOGY SERVICES),OCCUPIED,5-GEN OFFICE,E-G,NULL,NULL,2211 SW 4TH,NULL,PORTLAND,NULL,OR,97201,US,N,NULL,NULL,NULL,NULL,NULL,NULL,NULL,NULL,NULL,NULL,NULL,NULL,NULL,NULL,NULL,NULL,2079.1900,NULL,NULL,NULL,NULL,NULL,NULL,NULL,NULL,NULL,NULL,NULL,NULL,NULL,NULL,NULL,NULL,NULL,NULL,NULL,NULL,NULL,NULL,NULL,NULL,NULL,NULL,NULL,NULL,NULL,NULL,NULL,NULL,NULL,NULL,NULL,41088.0000,NULL,NULL,NULL,2015-12-21 15:21:35.000,OBINNA,NULL,6682.95,1525.44,42847.96,0.0000,NULL,NULL,NULL,NULL,NULL,NULL,NULL,NULL,NULL,NULL,NULL,NULL,NULL,NULL,NULL,NULL,NULL,NULL,NULL,NULL,NULL,NULL,NULL,NULL,NULL,NULL,NULL,NULL,NULL,1,NULL,NULL,NULL,NULL,NULL,NULL
PSU,MAIN CAMPUS,B0120,BLU - JOSEPH C. BLUMEL RESIDENCE HALL (JCB),OCCUPIED,2-HSG & RSRCH,AUX,NULL,NULL,1705 SW ELEVENTH AVENUE,NULL,PORTLAND,NULL,OR,97201,US,Y,NULL,NULL,NULL,NULL,NULL,NULL,NULL,NULL,NULL,NULL,NULL,NULL,NULL,NULL,NULL,NULL,NULL,NULL,NULL,NULL,NULL,NULL,NULL,NULL,NULL,NULL,NULL,NULL,NULL,NULL,NULL,NULL,NULL,NULL,NULL,NULL,NULL,NULL,NULL,NULL,NULL,NULL,NULL,NULL,NULL,NULL,NULL,NULL,NULL,NULL,NULL,NULL,124607.0000,NULL,NULL,NULL,2015-03-13 09:24:32.000,SHERYR,NULL,NULL,NULL,0.00,0.0000,NULL,NULL,NULL,NULL,NULL,NULL,NULL,NULL,NULL,NULL,NULL,NULL,NULL,NULL,NULL,NULL,NULL,NULL,NULL,NULL,NULL,NULL,NULL,NULL,NULL,NULL,NULL,NULL,NULL,1,NULL,NULL,NULL,NULL,NULL,NULL
PSU,MAIN CAMPUS,B0024,WHP - WEST HEATING PLANT,OCCUPIED,1-CRITICAL SYST,E-G,NULL,NULL,SW 11TH AVENUE & HALL ST,NULL,PORTLAND,NULL,OR,97201,US,Y,NULL,NULL,NULL,NULL,NULL,NULL,NULL,NULL,NULL,NULL,NULL,NULL,NULL,NULL,NULL,NULL,NULL,NULL,NULL,NULL,NULL,NULL,Y,Y,NULL,NULL,NULL,NULL,NULL,NULL,NULL,NULL,NULL,NULL,NULL,NULL,NULL,NULL,NULL,NULL,NULL,NULL,NULL,NULL,NULL,NULL,NULL,NULL,NULL,NULL,NULL,NULL,6379.0000,NULL,NULL,NULL,2015-12-21 15:21:58.000,OBINNA,NULL,NULL,NULL,NULL,0.0000,NULL,NULL,NULL,NULL,NULL,NULL,8617,NULL,NULL,NULL,NULL,NULL,NULL,NULL,NULL,NULL,NULL,NULL,NULL,NULL,NULL,NULL,NULL,NULL,NULL,NULL,NULL,NULL,NULL,1,NULL,NULL,NULL,NULL,NULL,NULL
PSU,MAIN CAMPUS,M0154,WKH - WALK OF THE HEROINES,NEWCONST,NULL,NB,NULL,NULL,1025 SW HARRISON,NULL,PORTLAND,NULL,OR,97201,US,Y,NULL,NULL,0.0000,NULL,NULL,0.0000,NULL,NULL,0.00,0.00,0.00,0.00,0.00,NULL,NULL,NULL,NULL,NULL,NULL,NULL,NULL,NULL,NULL,NULL,NULL,NULL,NULL,NULL,NULL,NULL,0,0,NULL,NULL,0,NULL,NULL,NULL,NULL,NULL,NULL,NULL,NULL,NULL,NULL,NULL,NULL,NULL,NULL,NULL,NULL,NULL,NULL,NULL,NULL,NULL,2015-03-06 11:51:48.683,SHERYR,NULL,NULL,NULL,NULL,NULL,NULL,NULL,NULL,NULL,NULL,NULL,NULL,NULL,NULL,NULL,NULL,NULL,NULL,NULL,NULL,NULL,NULL,NULL,NULL,NULL,0.0000,NULL,NULL,NULL,NULL,NULL,NULL,NULL,NULL,1,NULL,NULL,NULL,NULL,NULL,NULL
PSU,MAIN CAMPUS,B0028,PKM - PARKMILL (XSB),OCCUPIED,4-GEN CLASSRM,E-G,NULL,NULL,1633 SW PARK AVENUE,NULL,PORTLAND,NULL,OR,97201,US,Y,NULL,NULL,NULL,NULL,NULL,NULL,NULL,NULL,NULL,NULL,NULL,NULL,NULL,NULL,NULL,NULL,NULL,NULL,NULL,NULL,NULL,NULL,Y,Y,NULL,NULL,NULL,NULL,NULL,NULL,NULL,NULL,NULL,NULL,NULL,NULL,NULL,NULL,NULL,NULL,NULL,NULL,NULL,NULL,NULL,NULL,NULL,NULL,NULL,NULL,NULL,NULL,30246.0000,NULL,NULL,NULL,2016-06-14 13:53:00.000,SHERYR,NULL,NULL,NULL,0.00,0.0000,NULL,NULL,NULL,NULL,NULL,NULL,NULL,NULL,NULL,NULL,NULL,NULL,NULL,NULL,NULL,NULL,NULL,NULL,NULL,NULL,NULL,NULL,NULL,NULL,NULL,NULL,NULL,NULL,NULL,1,NULL,NULL,NULL,NULL,NULL,NULL
PSU,MAIN CAMPUS,M0089,EXTERIOR CONCRETE PAVING -,OCCUPIED,NULL,E-G,NULL,NULL,NULL,NULL,NULL,NULL,NULL,NULL,NULL,Y,NULL,NULL,NULL,NULL,NULL,NULL,NULL,NULL,NULL,NULL,NULL,NULL,NULL,NULL,N,N,NULL,NULL,NULL,NULL,NULL,NULL,NULL,NULL,NULL,NULL,N,NULL,NULL,N,NULL,NULL,NULL,NULL,NULL,NULL,NULL,NULL,NULL,NULL,NULL,NULL,NULL,NULL,NULL,NULL,NULL,NULL,NULL,NULL,NULL,NULL,1341497.0000,NULL,NULL,NULL,2015-12-21 14:58:31.000,OBINNA,NULL,NULL,NULL,NULL,NULL,NULL,NULL,NULL,NULL,NULL,NULL,NULL,NULL,NULL,NULL,NULL,NULL,NULL,NULL,NULL,NULL,NULL,NULL,NULL,NULL,NULL,NULL,NULL,NULL,NULL,NULL,NULL,NULL,NULL,1,NULL,NULL,NULL,NULL,NULL,NULL
PSU,MAIN CAMPUS,M0146C,UCP - URBAN CENTER PLAZA,OCCUPIED,NULL,NB,NULL,NULL,NULL,NULL,NULL,NULL,NULL,NULL,NULL,Y,NULL,NULL,NULL,NULL,NULL,NULL,NULL,NULL,NULL,NULL,NULL,NULL,NULL,NULL,N,N,NULL,NULL,NULL,NULL,NULL,NULL,NULL,NULL,NULL,NULL,N,NULL,NULL,N,NULL,NULL,NULL,NULL,NULL,NULL,NULL,NULL,NULL,NULL,NULL,NULL,NULL,NULL,NULL,NULL,NULL,NULL,NULL,NULL,NULL,NULL,NULL,NULL,NULL,NULL,2017-03-01 15:24:14.000,LUCIUS,NULL,NULL,NULL,NULL,NULL,NULL,NULL,NULL,NULL,NULL,NULL,NULL,NULL,NULL,NULL,NULL,NULL,NULL,NULL,NULL,NULL,NULL,NULL,NULL,NULL,NULL,NULL,NULL,NULL,NULL,NULL,NULL,NULL,NULL,1,NULL,NULL,NULL,NULL,NULL,NULL
PSU,OFF CAMPUS,B0261,NCP - NORTHWEST CORPORATE PARK, BUILDING 1,OCCUPIED,3-SUPPORT BLDG,E-G,NULL,NULL,3599 NW YEON AVE,NULL,PORTLAND,NULL,OR,97210,NULL,Y,NULL,NULL,NULL,NULL,NULL,NULL,NULL,NULL,NULL,NULL,NULL,NULL,NULL,NULL,N,N,NULL,NULL,NULL,NULL,NULL,NULL,NULL,NULL,NULL,NULL,N,NULL,NULL,N,NULL,NULL,NULL,NULL,NULL,NULL,NULL,NULL,NULL,NULL,NULL,NULL,NULL,NULL,NULL,NULL,NULL,NULL,NULL,NULL,NULL,NULL,37440.0000,NULL,NULL,NULL,2015-12-21 15:05:14.000,OBINNA,NULL,NULL,NULL,NULL,NULL,NULL,NULL,NULL,NULL,NULL,NULL,NULL,NULL,NULL,NULL,NULL,NULL,NULL,NULL,NULL,NULL,NULL,NULL,NULL,NULL,NULL,NULL,NULL,NULL,NULL,NULL,NULL,NULL,NULL,1,NULL,NULL,NULL,NULL,NULL,NULL
PSU,MAIN CAMPUS,M0002,BBG - BLUMEL BICYCLE GARAGE,OCCUPIED,NULL,PARKING,NULL,NULL,NULL,NULL,NULL,NULL,NULL,NULL,NULL,Y,NULL,NULL,NULL,NULL,NULL,NULL,NULL,NULL,NULL,NULL,NULL,NULL,NULL,NULL,N,N,NULL,NULL,NULL,NULL,NULL,NULL,NULL,NULL,NULL,NULL,N,NULL,NULL,N,NULL,NULL,NULL,NULL,NULL,NULL,NULL,NULL,NULL,NULL,NULL,NULL,NULL,NULL,NULL,NULL,NULL,NULL,NULL,NULL,NULL,NULL,785.0000,NULL,NULL,NULL,2015-10-12 10:12:24.000,LEONARD8,NULL,NULL,NULL,NULL,NULL,NULL,NULL,NULL,NULL,NULL,NULL,NULL,NULL,NULL,NULL,NULL,NULL,NULL,NULL,NULL,NULL,NULL,NULL,NULL,NULL,NULL,NULL,NULL,NULL,NULL,NULL,NULL,NULL,NULL,1,NULL,NULL,NULL,NULL,NULL,NULL
PSU,MAIN CAMPUS,B0036B,P FAB - FOURTH AVENUE BUILDING PARKING,OCCUPIED,NULL,PARKING,NULL,NULL,NULL,NULL,NULL,NULL,NULL,NULL,NULL,Y,NULL,NULL,NULL,NULL,NULL,NULL,NULL,NULL,NULL,NULL,NULL,NULL,NULL,NULL,N,N,NULL,NULL,NULL,NULL,NULL,NULL,NULL,NULL,NULL,NULL,N,NULL,NULL,N,NULL,NULL,NULL,NULL,NULL,NULL,NULL,NULL,NULL,NULL,NULL,NULL,NULL,NULL,NULL,NULL,NULL,NULL,NULL,NULL,NULL,NULL,236707.0000,NULL,NULL,NULL,2015-06-10 08:42:11.000,SHERYR,NULL,NULL,NULL,NULL,NULL,NULL,NULL,NULL,NULL,NULL,NULL,NULL,NULL,NULL,NULL,NULL,NULL,NULL,NULL,NULL,NULL,NULL,NULL,NULL,NULL,NULL,NULL,NULL,NULL,NULL,NULL,NULL,NULL,NULL,1,NULL,NULL,NULL,NULL,NULL,NULL
PSU,MAIN CAMPUS,B0011B,P OND - ONDINE PARKING,OCCUPIED,NULL,PARKING,NULL,NULL,NULL,NULL,NULL,NULL,NULL,NULL,NULL,Y,NULL,NULL,NULL,NULL,NULL,NULL,NULL,NULL,NULL,NULL,NULL,NULL,NULL,NULL,N,N,NULL,NULL,NULL,NULL,NULL,NULL,NULL,NULL,NULL,NULL,N,NULL,NULL,N,NULL,NULL,NULL,NULL,NULL,NULL,NULL,NULL,NULL,NULL,NULL,NULL,NULL,NULL,NULL,NULL,NULL,NULL,NULL,NULL,NULL,NULL,56452.0000,NULL,NULL,NULL,2015-06-10 08:31:09.000,SHERYR,NULL,NULL,NULL,NULL,NULL,NULL,NULL,NULL,NULL,NULL,NULL,NULL,NULL,NULL,NULL,NULL,NULL,NULL,NULL,NULL,NULL,NULL,NULL,NULL,NULL,NULL,NULL,NULL,NULL,NULL,NULL,NULL,NULL,NULL,1,NULL,NULL,NULL,NULL,NULL,NULL
PSU,MAIN CAMPUS,B0200B,P UCB - UCB PARKING,OCCUPIED,NULL,PARKING,NULL,NULL,NULL,NULL,NULL,NULL,NULL,NULL,NULL,Y,NULL,NULL,NULL,NULL,NULL,NULL,NULL,NULL,NULL,NULL,NULL,NULL,NULL,NULL,N,N,NULL,NULL,NULL,NULL,NULL,NULL,NULL,NULL,NULL,NULL,N,NULL,NULL,N,NULL,NULL,NULL,NULL,NULL,NULL,NULL,NULL,NULL,NULL,NULL,NULL,NULL,NULL,NULL,NULL,NULL,NULL,NULL,NULL,NULL,NULL,107211.0000,NULL,NULL,NULL,2015-06-10 08:47:16.000,SHERYR,NULL,NULL,NULL,NULL,NULL,NULL,NULL,NULL,NULL,NULL,NULL,NULL,NULL,NULL,NULL,NULL,NULL,NULL,NULL,NULL,NULL,NULL,NULL,NULL,NULL,NULL,NULL,NULL,NULL,NULL,NULL,NULL,NULL,NULL,1,NULL,NULL,NULL,NULL,NULL,NULL
PSU,OFF CAMPUS,B0262,PSU SALEM CENTER -,INACTIVE,NULL,E-G,NULL,NULL,4061 WINEMA PLACE NE,NULL,BROOKS,NULL,OR,97305,NULL,Y,NULL,NULL,NULL,NULL,NULL,NULL,NULL,NULL,NULL,NULL,NULL,NULL,NULL,NULL,N,N,NULL,NULL,NULL,NULL,NULL,NULL,NULL,NULL,NULL,NULL,N,NULL,NULL,N,NULL,NULL,NULL,NULL,NULL,NULL,NULL,NULL,NULL,NULL,NULL,NULL,NULL,NULL,NULL,NULL,NULL,NULL,NULL,NULL,NULL,NULL,NULL,NULL,NULL,NULL,2015-12-23 09:22:57.000,LEONARD8,NULL,NULL,NULL,NULL,NULL,NULL,NULL,NULL,NULL,NULL,NULL,NULL,NULL,NULL,NULL,NULL,NULL,NULL,NULL,NULL,NULL,NULL,NULL,NULL,NULL,NULL,NULL,NULL,NULL,NULL,NULL,NULL,NULL,NULL,1,NULL,NULL,NULL,NULL,NULL,NULL
PSU,MAIN CAMPUS,LIP,LIP - LOCATION IN PROGRESS (USE ONLY FOR EARLY PLANNING),OCCUPIED,NULL,NB,NULL,NULL,NULL,NULL,NULL,NULL,NULL,NULL,NULL,Y,NULL,NULL,NULL,NULL,NULL,NULL,NULL,NULL,NULL,NULL,NULL,NULL,NULL,NULL,N,N,NULL,NULL,NULL,NULL,NULL,NULL,NULL,NULL,NULL,NULL,N,NULL,NULL,N,NULL,NULL,NULL,NULL,NULL,NULL,NULL,NULL,NULL,NULL,NULL,NULL,NULL,NULL,NULL,NULL,NULL,NULL,NULL,NULL,NULL,NULL,0.0000,NULL,NULL,NULL,2016-03-30 09:43:58.000,SHERYR,NULL,NULL,NULL,NULL,NULL,NULL,NULL,NULL,NULL,NULL,NULL,NULL,NULL,NULL,NULL,NULL,NULL,NULL,NULL,NULL,NULL,NULL,NULL,NULL,NULL,NULL,NULL,NULL,NULL,NULL,NULL,NULL,NULL,NULL,1,NULL,NULL,NULL,NULL,NULL,NULL
PSU,MAIN CAMPUS,US0108,USB FIRST FLOOR - (USE FOR OVERHEAD WORK ORDERS FOR BILLING PURPOSES),OCCUPIED,NULL,NB,NULL,NULL,NULL,NULL,NULL,NULL,NULL,NULL,NULL,Y,NULL,NULL,NULL,NULL,NULL,NULL,NULL,NULL,NULL,NULL,NULL,NULL,NULL,NULL,N,N,NULL,NULL,NULL,NULL,NULL,NULL,NULL,NULL,NULL,NULL,N,NULL,NULL,N,NULL,NULL,NULL,NULL,NULL,NULL,NULL,NULL,NULL,NULL,NULL,NULL,NULL,NULL,NULL,NULL,NULL,NULL,NULL,NULL,NULL,NULL,NULL,NULL,NULL,NULL,2015-10-12 10:14:30.000,LEONARD8,NULL,NULL,NULL,NULL,NULL,NULL,NULL,NULL,NULL,NULL,NULL,NULL,NULL,NULL,NULL,NULL,NULL,NULL,NULL,NULL,NULL,NULL,NULL,NULL,NULL,NULL,NULL,NULL,NULL,NULL,NULL,NULL,NULL,NULL,1,NULL,NULL,NULL,NULL,NULL,NULL
PSU,MAIN CAMPUS,US0001,USB STORES WAREHOUSE - (USE FOR STORES SALES WORK ORDERS ONLY FOR BILLING PURPOSES),OCCUPIED,NULL,NB,NULL,NULL,NULL,NULL,NULL,NULL,NULL,NULL,NULL,Y,NULL,NULL,NULL,NULL,NULL,NULL,NULL,NULL,NULL,NULL,NULL,NULL,NULL,NULL,N,N,NULL,NULL,NULL,NULL,NULL,NULL,NULL,NULL,NULL,NULL,N,NULL,NULL,N,NULL,NULL,NULL,NULL,NULL,NULL,NULL,NULL,NULL,NULL,NULL,NULL,NULL,NULL,NULL,NULL,NULL,NULL,NULL,NULL,NULL,NULL,NULL,NULL,NULL,NULL,2015-10-12 10:14:39.000,LEONARD8,NULL,NULL,NULL,NULL,NULL,NULL,NULL,NULL,NULL,NULL,NULL,NULL,NULL,NULL,NULL,NULL,NULL,NULL,NULL,NULL,NULL,NULL,NULL,NULL,NULL,NULL,NULL,NULL,NULL,NULL,NULL,NULL,NULL,NULL,1,NULL,NULL,NULL,NULL,NULL,NULL
PSU,OFF CAMPUS,B0263,CLSB - COLLABORATIVE LIFE SCIENCES BUILDING  (OHSU, OSU, AND PSU),OCCUPIED,2-HSG & RSRCH,E-G,NULL,NULL,2750 SW MOODY AVE,NULL,PORTLAND,MULTNOMAH,OR,97239,NULL,Y,NULL,NULL,NULL,NULL,NULL,NULL,NULL,NULL,NULL,NULL,NULL,NULL,NULL,NULL,N,N,NULL,NULL,NULL,NULL,NULL,NULL,NULL,NULL,NULL,NULL,N,NULL,NULL,N,NULL,NULL,NULL,NULL,NULL,NULL,NULL,NULL,NULL,NULL,NULL,NULL,NULL,NULL,NULL,NULL,NULL,NULL,NULL,NULL,NULL,NULL,89109.0000,NULL,NULL,NULL,2015-12-21 14:54:26.000,OBINNA,NULL,NULL,NULL,NULL,NULL,NULL,BUILDING PROJECT AS OF MARCH 1, 2010 - CONSTRUCTION NOT BEGUN AS OF JULY 1, 2010,NULL,NULL,NULL,NULL,NULL,NULL,NULL,NULL,NULL,NULL,NULL,NULL,NULL,NULL,NULL,NULL,NULL,NULL,NULL,NULL,NULL,NULL,NULL,NULL,NULL,NULL,NULL,1,NULL,NULL,NULL,NULL,NULL,NULL
PSU,MAIN CAMPUS,N0165A,WELL - GEOTHERMAL WELL,OCCUPIED,NULL,NB,NULL,NULL,NULL,NULL,NULL,NULL,NULL,NULL,NULL,Y,NULL,NULL,NULL,NULL,NULL,NULL,NULL,NULL,NULL,NULL,NULL,NULL,NULL,NULL,N,N,NULL,NULL,NULL,NULL,NULL,NULL,NULL,NULL,NULL,NULL,N,NULL,NULL,N,NULL,NULL,NULL,NULL,NULL,NULL,NULL,NULL,NULL,NULL,NULL,NULL,NULL,NULL,NULL,NULL,NULL,NULL,NULL,NULL,NULL,NULL,NULL,NULL,NULL,NULL,2015-03-06 11:51:48.683,SHERYR,NULL,NULL,NULL,NULL,NULL,NULL,NULL,NULL,NULL,NULL,NULL,NULL,NULL,NULL,NULL,NULL,NULL,NULL,NULL,NULL,NULL,NULL,NULL,NULL,NULL,NULL,NULL,NULL,NULL,NULL,NULL,NULL,NULL,NULL,1,NULL,NULL,NULL,NULL,NULL,NULL
PSU,MAIN CAMPUS,LDT,LANDSCAPE TRAILER -,INACTIVE,5-GEN OFFICE,NB,NULL,NULL,NULL,NULL,NULL,NULL,NULL,NULL,NULL,Y,NULL,NULL,NULL,NULL,NULL,NULL,NULL,NULL,NULL,NULL,NULL,NULL,NULL,NULL,N,N,NULL,NULL,NULL,NULL,NULL,NULL,NULL,NULL,NULL,NULL,N,NULL,NULL,N,NULL,NULL,NULL,NULL,NULL,NULL,NULL,NULL,NULL,NULL,NULL,NULL,NULL,NULL,NULL,NULL,NULL,NULL,NULL,NULL,NULL,NULL,NULL,NULL,NULL,NULL,2015-12-21 15:43:49.000,LEONARD8,NULL,NULL,NULL,NULL,NULL,NULL,NULL,NULL,NULL,NULL,NULL,NULL,NULL,NULL,NULL,NULL,NULL,NULL,NULL,NULL,NULL,NULL,NULL,NULL,NULL,NULL,NULL,NULL,NULL,NULL,NULL,NULL,NULL,NULL,1,NULL,NULL,NULL,NULL,NULL,NULL
PSU,OFF CAMPUS,N0170,PSU-OHSU DATA CONDUIT,OCCUPIED,1-CRITICAL SYST,NB,NULL,NULL,NULL,NULL,NULL,NULL,NULL,NULL,NULL,Y,NULL,NULL,NULL,NULL,NULL,NULL,NULL,NULL,NULL,NULL,NULL,NULL,NULL,NULL,N,N,NULL,NULL,NULL,NULL,NULL,NULL,NULL,NULL,NULL,NULL,N,NULL,NULL,N,NULL,NULL,NULL,NULL,NULL,NULL,NULL,NULL,NULL,NULL,NULL,NULL,NULL,NULL,NULL,NULL,NULL,NULL,NULL,NULL,NULL,NULL,NULL,NULL,NULL,NULL,2015-03-13 09:39:41.000,SHERYR,NULL,NULL,NULL,NULL,NULL,NULL,NULL,NULL,NULL,NULL,NULL,NULL,NULL,NULL,NULL,NULL,NULL,NULL,NULL,NULL,NULL,NULL,NULL,NULL,NULL,NULL,NULL,NULL,NULL,NULL,NULL,NULL,NULL,NULL,1,NULL,NULL,NULL,NULL,NULL,NULL
PSU,MAIN CAMPUS,B0041B,P SEC - SEC PARKING,OCCUPIED,NULL,PARKING,NULL,NULL,NULL,NULL,NULL,NULL,NULL,NULL,NULL,Y,NULL,NULL,NULL,NULL,NULL,NULL,NULL,NULL,NULL,NULL,NULL,NULL,NULL,NULL,N,N,NULL,NULL,NULL,NULL,NULL,NULL,NULL,NULL,NULL,NULL,N,NULL,NULL,N,NULL,NULL,NULL,NULL,NULL,NULL,NULL,NULL,NULL,NULL,NULL,NULL,NULL,NULL,NULL,NULL,NULL,NULL,NULL,NULL,NULL,NULL,7492.0000,NULL,NULL,NULL,2015-08-31 14:55:13.000,WOLF,NULL,NULL,NULL,NULL,NULL,NULL,NULL,NULL,NULL,NULL,NULL,NULL,NULL,NULL,NULL,NULL,NULL,NULL,NULL,NULL,NULL,NULL,NULL,NULL,NULL,NULL,NULL,NULL,NULL,NULL,NULL,NULL,NULL,NULL,1,NULL,NULL,NULL,NULL,NULL,NULL
PSU,MAIN CAMPUS,B0120B,P BLU - BLUMEL PARKING,OCCUPIED,NULL,PARKING,NULL,NULL,NULL,NULL,NULL,NULL,NULL,NULL,NULL,Y,NULL,NULL,NULL,NULL,NULL,NULL,NULL,NULL,NULL,NULL,NULL,NULL,NULL,NULL,N,N,NULL,NULL,NULL,NULL,NULL,NULL,NULL,NULL,NULL,NULL,N,NULL,NULL,N,NULL,NULL,NULL,NULL,NULL,NULL,NULL,NULL,NULL,NULL,NULL,NULL,NULL,NULL,NULL,NULL,NULL,NULL,NULL,NULL,NULL,NULL,79929.0000,NULL,NULL,NULL,2015-06-10 08:45:45.000,SHERYR,NULL,NULL,NULL,NULL,NULL,NULL,NULL,NULL,NULL,NULL,NULL,NULL,NULL,NULL,NULL,NULL,NULL,NULL,NULL,NULL,NULL,NULL,NULL,NULL,NULL,NULL,NULL,NULL,NULL,NULL,NULL,NULL,NULL,NULL,1,NULL,NULL,NULL,NULL,NULL,NULL
PSU,MAIN CAMPUS,B0039B,P AB - ART BUILDING PARKING,OCCUPIED,NULL,PARKING,NULL,NULL,NULL,NULL,NULL,NULL,NULL,NULL,NULL,Y,NULL,NULL,NULL,NULL,NULL,NULL,NULL,NULL,NULL,NULL,NULL,NULL,NULL,NULL,N,N,NULL,NULL,NULL,NULL,NULL,NULL,NULL,NULL,NULL,NULL,N,NULL,NULL,N,NULL,NULL,NULL,NULL,NULL,NULL,NULL,NULL,NULL,NULL,NULL,NULL,NULL,NULL,NULL,NULL,NULL,NULL,NULL,NULL,NULL,NULL,13201.0000,NULL,NULL,NULL,2015-08-31 14:53:17.000,WOLF,NULL,NULL,NULL,NULL,NULL,NULL,NULL,NULL,NULL,NULL,NULL,NULL,NULL,NULL,NULL,NULL,NULL,NULL,NULL,NULL,NULL,NULL,NULL,NULL,NULL,NULL,NULL,NULL,NULL,NULL,NULL,NULL,NULL,NULL,1,NULL,NULL,NULL,NULL,NULL,NULL
PSU,MAIN CAMPUS,UPLPKL,*** DO NOT USE, USE M0156 INSTEAD ***UPPK-UNIVERSITY PLACE PARKING,INACTIVE,NULL,NB,NULL,NULL,NULL,NULL,NULL,NULL,NULL,NULL,NULL,Y,NULL,NULL,NULL,NULL,NULL,NULL,NULL,NULL,NULL,NULL,NULL,NULL,NULL,NULL,N,N,NULL,NULL,NULL,NULL,NULL,NULL,NULL,NULL,NULL,NULL,N,NULL,NULL,N,NULL,NULL,NULL,NULL,NULL,NULL,NULL,NULL,NULL,NULL,NULL,NULL,NULL,NULL,NULL,NULL,NULL,NULL,NULL,NULL,NULL,NULL,NULL,NULL,NULL,NULL,2015-12-21 15:38:14.000,LEONARD8,NULL,NULL,NULL,NULL,NULL,NULL,NULL,NULL,NULL,NULL,NULL,NULL,NULL,NULL,NULL,NULL,NULL,NULL,NULL,NULL,NULL,NULL,NULL,NULL,NULL,NULL,NULL,NULL,NULL,NULL,NULL,NULL,NULL,NULL,1,NULL,NULL,NULL,NULL,NULL,NULL
PSU,MAIN CAMPUS,B0010,PNT - UNIVERSITY POINTE AT COLLEGE STATION,OCCUPIED,NULL,E-G,2011-09-28 10:17:49.350,SHERYR,1950 SW 6TH AVE,NULL,PORTLAND,MULTNOMAH,OR,97201-5226,US,Y,NULL,NULL,NULL,NULL,NULL,NULL,NULL,NULL,NULL,NULL,NULL,NULL,NULL,NULL,N,N,NULL,NULL,NULL,NULL,NULL,NULL,NULL,NULL,NULL,NULL,N,NULL,NULL,N,NULL,NULL,NULL,NULL,NULL,NULL,NULL,NULL,NULL,NULL,NULL,NULL,NULL,NULL,NULL,NULL,NULL,NULL,NULL,NULL,NULL,NULL,10015.0000,NULL,NULL,NULL,2015-12-21 15:12:34.000,OBINNA,NULL,NULL,NULL,NULL,NULL,NULL,NULL,NULL,NULL,NULL,NULL,NULL,NULL,NULL,NULL,NULL,NULL,NULL,NULL,NULL,NULL,NULL,NULL,NULL,NULL,NULL,NULL,NULL,NULL,NULL,NULL,NULL,NULL,NULL,1,NULL,NULL,NULL,NULL,NULL,NULL
PSU,MAIN CAMPUS,M0001,GRDN - COMMUNITY GARDEN,OCCUPIED,NULL,NB,2012-04-23 08:31:54.277,SHERYR,1208 SW MONTGOMERY ST,NULL,PORTLAND,NULL,OR,97201,NULL,Y,NULL,NULL,NULL,NULL,NULL,NULL,NULL,NULL,NULL,NULL,NULL,NULL,NULL,NULL,N,N,NULL,NULL,NULL,NULL,NULL,NULL,NULL,NULL,NULL,NULL,N,NULL,NULL,N,NULL,NULL,NULL,NULL,NULL,NULL,NULL,NULL,NULL,NULL,NULL,NULL,NULL,NULL,NULL,NULL,NULL,NULL,NULL,NULL,NULL,NULL,9375.0000,NULL,NULL,NULL,2015-08-31 15:20:27.000,WOLF,NULL,NULL,NULL,NULL,NULL,NULL,NULL,NULL,NULL,NULL,NULL,NULL,NULL,NULL,NULL,NULL,NULL,NULL,NULL,NULL,NULL,NULL,NULL,NULL,NULL,NULL,NULL,NULL,NULL,NULL,NULL,NULL,NULL,NULL,1,NULL,NULL,NULL,NULL,NULL,NULL
PSU,OFF CAMPUS,B0007,EW-EVERETT WAREHOUSE (LEASE ENDED 7/25/2013),INACTIVE,3-SUPPORT BLDG,E-G,2012-08-23 12:19:05.037,WOLF,835 NW EVERETT STREET,NULL,PORTLAND,MULTNOMAH,OR,97209,US,Y,NULL,NULL,NULL,NULL,NULL,NULL,NULL,NULL,NULL,NULL,NULL,NULL,NULL,NULL,N,N,NULL,NULL,NULL,NULL,NULL,NULL,NULL,NULL,NULL,NULL,N,NULL,NULL,N,NULL,NULL,NULL,NULL,NULL,NULL,NULL,NULL,NULL,NULL,NULL,NULL,NULL,NULL,NULL,NULL,NULL,NULL,NULL,NULL,NULL,NULL,NULL,NULL,NULL,NULL,2015-12-21 15:40:52.000,LEONARD8,NULL,NULL,NULL,NULL,NULL,NULL,NULL,NULL,NULL,NULL,NULL,NULL,NULL,NULL,NULL,NULL,NULL,NULL,NULL,NULL,NULL,NULL,NULL,NULL,NULL,NULL,NULL,NULL,NULL,NULL,NULL,NULL,NULL,NULL,1,NULL,NULL,NULL,NULL,NULL,NULL
PSU,MAIN CAMPUS,M0025,P SH - SHATTUCK PARKING LOT (VISITOR PARKING) -,OCCUPIED,NULL,PARKING,2012-11-01 08:28:47.783,SHERYR,NULL,NULL,NULL,NULL,NULL,NULL,NULL,Y,NULL,NULL,NULL,NULL,NULL,NULL,NULL,NULL,NULL,NULL,NULL,NULL,NULL,NULL,N,N,NULL,NULL,NULL,NULL,NULL,NULL,NULL,NULL,NULL,NULL,N,NULL,NULL,N,NULL,NULL,NULL,NULL,NULL,NULL,NULL,NULL,NULL,NULL,NULL,NULL,NULL,NULL,NULL,NULL,NULL,NULL,NULL,NULL,NULL,NULL,NULL,NULL,NULL,NULL,2017-03-01 15:37:37.000,LUCIUS,NULL,NULL,NULL,NULL,NULL,NULL,NULL,NULL,NULL,NULL,NULL,NULL,NULL,NULL,NULL,NULL,NULL,NULL,NULL,NULL,NULL,NULL,NULL,NULL,NULL,NULL,NULL,NULL,NULL,NULL,NULL,NULL,NULL,NULL,1,NULL,NULL,NULL,NULL,NULL,NULL
PSU,MAIN CAMPUS,M0028,P PKM - PARKMILL PARKING LOT -,OCCUPIED,NULL,PARKING,2012-11-01 08:33:31.347,SHERYR,NULL,NULL,NULL,NULL,NULL,NULL,NULL,Y,NULL,NULL,NULL,NULL,NULL,NULL,NULL,NULL,NULL,NULL,NULL,NULL,NULL,NULL,N,N,NULL,NULL,NULL,NULL,NULL,NULL,NULL,NULL,NULL,NULL,N,NULL,NULL,N,NULL,NULL,NULL,NULL,NULL,NULL,NULL,NULL,NULL,NULL,NULL,NULL,NULL,NULL,NULL,NULL,NULL,NULL,NULL,NULL,NULL,NULL,15000.0000,NULL,NULL,NULL,2016-04-25 09:20:07.000,LEONARD8,NULL,NULL,NULL,NULL,NULL,NULL,NULL,NULL,NULL,NULL,NULL,NULL,NULL,NULL,NULL,NULL,NULL,NULL,NULL,NULL,NULL,NULL,NULL,NULL,NULL,NULL,NULL,NULL,NULL,NULL,NULL,NULL,NULL,NULL,1,NULL,NULL,NULL,NULL,NULL,NULL
PSU,MAIN CAMPUS,B0256B,P MCB - MARKET CENTER BUILDING PARKING LOT,OCCUPIED,NULL,PARKING,2012-11-01 08:37:25.443,SHERYR,NULL,NULL,NULL,NULL,NULL,NULL,NULL,Y,NULL,NULL,NULL,NULL,NULL,NULL,NULL,NULL,NULL,NULL,NULL,NULL,NULL,NULL,N,N,NULL,NULL,NULL,NULL,NULL,NULL,NULL,NULL,NULL,NULL,N,NULL,NULL,N,NULL,NULL,NULL,NULL,NULL,NULL,NULL,NULL,NULL,NULL,NULL,NULL,NULL,NULL,NULL,NULL,NULL,NULL,NULL,NULL,NULL,NULL,62082.0000,NULL,NULL,NULL,2015-06-10 08:48:55.000,SHERYR,NULL,NULL,NULL,NULL,NULL,NULL,NULL,NULL,NULL,NULL,NULL,NULL,NULL,NULL,NULL,NULL,NULL,NULL,NULL,NULL,NULL,NULL,NULL,NULL,NULL,NULL,NULL,NULL,NULL,NULL,NULL,NULL,NULL,NULL,1,NULL,NULL,NULL,NULL,NULL,NULL
PSU,MAIN CAMPUS,M0004,FAL - FIFTH AVENUE LOT,OCCUPIED,NULL,PARKING,2012-11-01 12:07:38.100,SHERYR,NULL,NULL,NULL,NULL,NULL,NULL,NULL,Y,NULL,NULL,NULL,NULL,NULL,NULL,NULL,NULL,NULL,NULL,NULL,NULL,NULL,NULL,N,N,NULL,NULL,NULL,NULL,NULL,NULL,NULL,NULL,NULL,NULL,N,NULL,NULL,N,NULL,NULL,NULL,NULL,NULL,NULL,NULL,NULL,NULL,NULL,NULL,NULL,NULL,NULL,NULL,NULL,NULL,NULL,NULL,NULL,NULL,NULL,26802.0000,NULL,NULL,NULL,2015-08-31 15:24:49.000,WOLF,NULL,NULL,NULL,NULL,NULL,NULL,FORMALLY CARPOOL PARKING LOT (CHANGED JUNE 2014),NULL,NULL,NULL,NULL,NULL,NULL,NULL,NULL,NULL,NULL,NULL,NULL,NULL,NULL,NULL,NULL,NULL,NULL,NULL,NULL,NULL,NULL,NULL,NULL,NULL,NULL,NULL,1,NULL,NULL,NULL,NULL,NULL,NULL
PSU,MAIN CAMPUS,TUNNELS,SECURED ACCESS TUNNELS -,INACTIVE,NULL,NB,2013-04-03 14:11:18.960,RINDERL,NULL,NULL,NULL,NULL,NULL,NULL,NULL,Y,NULL,NULL,NULL,NULL,NULL,NULL,NULL,NULL,NULL,NULL,NULL,NULL,NULL,NULL,NULL,NULL,NULL,NULL,NULL,NULL,NULL,NULL,NULL,NULL,NULL,NULL,NULL,NULL,NULL,NULL,NULL,NULL,NULL,NULL,NULL,NULL,NULL,NULL,NULL,NULL,NULL,NULL,NULL,NULL,NULL,NULL,NULL,NULL,NULL,NULL,NULL,NULL,NULL,NULL,NULL,NULL,2015-12-21 15:55:59.000,LEONARD8,NULL,NULL,NULL,NULL,NULL,NULL,NULL,NULL,NULL,NULL,NULL,NULL,NULL,NULL,NULL,NULL,NULL,NULL,NULL,NULL,NULL,NULL,NULL,NULL,NULL,NULL,NULL,NULL,NULL,NULL,NULL,NULL,NULL,NULL,1,NULL,NULL,NULL,NULL,NULL,NULL
PSU,MAIN CAMPUS,M0210,P COR -CORBETT PARKING LOT,OCCUPIED,NULL,PARKING,2012-11-01 12:06:25.527,SHERYR,NULL,NULL,NULL,NULL,NULL,NULL,NULL,Y,NULL,NULL,NULL,NULL,NULL,NULL,NULL,NULL,NULL,NULL,NULL,NULL,NULL,NULL,N,N,NULL,NULL,NULL,NULL,NULL,NULL,NULL,NULL,NULL,NULL,N,NULL,NULL,N,NULL,NULL,NULL,NULL,NULL,NULL,NULL,NULL,NULL,NULL,NULL,NULL,NULL,NULL,NULL,NULL,NULL,NULL,NULL,NULL,NULL,NULL,15857.0000,NULL,NULL,NULL,2015-08-31 15:34:13.000,WOLF,NULL,NULL,NULL,NULL,NULL,NULL,NULL,NULL,NULL,NULL,NULL,NULL,NULL,NULL,NULL,NULL,NULL,NULL,NULL,NULL,NULL,NULL,NULL,NULL,NULL,NULL,NULL,NULL,NULL,NULL,NULL,NULL,NULL,NULL,1,NULL,NULL,NULL,NULL,NULL,NULL
PSU,OFF CAMPUS,B0016,CPB - CROWN PLAZA BUILDING,OCCUPIED,ACAD,AUX,2013-06-19 12:59:29.487,WOLF,1500 SW 1ST AVE,NULL,PORTLAND,MULTNOMAH,OR,97217,US,Y,NULL,NULL,NULL,NULL,NULL,NULL,NULL,NULL,NULL,NULL,NULL,NULL,NULL,NULL,NULL,NULL,NULL,NULL,NULL,NULL,NULL,NULL,NULL,NULL,NULL,NULL,NULL,NULL,NULL,NULL,NULL,NULL,NULL,NULL,NULL,NULL,NULL,NULL,NULL,NULL,NULL,NULL,NULL,NULL,NULL,NULL,NULL,NULL,NULL,NULL,NULL,NULL,7797.0000,NULL,NULL,NULL,2015-12-21 14:55:39.000,OBINNA,NULL,NULL,NULL,NULL,NULL,NULL,NULL,NULL,NULL,NULL,NULL,NULL,NULL,NULL,NULL,NULL,NULL,NULL,NULL,NULL,NULL,NULL,NULL,NULL,NULL,NULL,NULL,NULL,NULL,NULL,NULL,NULL,NULL,NULL,1,NULL,NULL,NULL,NULL,NULL,NULL
PSU,OFF CAMPUS,B0017,CCBI-CHEMEKETA CENTER FOR BUSINESS AND INDUSTRY,OCCUPIED,NULL,E-G,2013-07-15 14:57:04.247,WOLF,626 HIGH STREET NE,NULL,SALEM,MARION,OR,97301,US,N,NULL,NULL,NULL,NULL,NULL,NULL,NULL,NULL,NULL,NULL,NULL,NULL,NULL,NULL,NULL,NULL,NULL,NULL,NULL,NULL,NULL,NULL,N,N,NULL,NULL,NULL,NULL,NULL,NULL,NULL,NULL,NULL,NULL,NULL,NULL,NULL,NULL,NULL,NULL,NULL,NULL,NULL,NULL,NULL,NULL,NULL,NULL,NULL,NULL,NULL,NULL,11568.0000,NULL,NULL,NULL,2015-12-21 14:52:58.000,OBINNA,NULL,NULL,NULL,NULL,NULL,NULL,NULL,NULL,NULL,NULL,NULL,NULL,NULL,NULL,NULL,NULL,NULL,NULL,NULL,NULL,NULL,NULL,NULL,NULL,NULL,NULL,NULL,NULL,NULL,NULL,NULL,NULL,NULL,NULL,1,NULL,NULL,NULL,NULL,NULL,NULL
PSU,MAIN CAMPUS,M0156,P UP - UNIVERSITY PLACE PARKING,OCCUPIED,NULL,PARKING,2013-11-25 10:35:53.347,SHERYR,NULL,NULL,NULL,NULL,NULL,NULL,NULL,Y,NULL,NULL,NULL,NULL,NULL,NULL,NULL,NULL,NULL,NULL,NULL,NULL,NULL,NULL,NULL,NULL,NULL,NULL,NULL,NULL,NULL,NULL,NULL,NULL,NULL,NULL,NULL,NULL,NULL,NULL,NULL,NULL,NULL,NULL,NULL,NULL,NULL,NULL,NULL,NULL,NULL,NULL,NULL,NULL,NULL,NULL,NULL,NULL,NULL,NULL,NULL,NULL,112202.0000,NULL,NULL,NULL,2015-09-01 08:32:35.000,WOLF,NULL,NULL,NULL,NULL,NULL,NULL,NULL,NULL,NULL,NULL,NULL,NULL,NULL,NULL,NULL,NULL,NULL,NULL,NULL,NULL,NULL,NULL,NULL,NULL,NULL,NULL,NULL,NULL,NULL,NULL,NULL,NULL,NULL,NULL,1,NULL,NULL,NULL,NULL,NULL,NULL
PSU,OFF CAMPUS,B0264,PBH - PORTLAND BOATHOUSE,OCCUPIED,NULL,AUX,2014-02-12 15:50:00.627,LEONARD8,1515 SE WATER STREET,NULL,PORTLAND,MULTNOMAH,OR,97214,US,Y,NULL,NULL,NULL,NULL,NULL,NULL,NULL,NULL,NULL,NULL,NULL,NULL,NULL,NULL,NULL,NULL,NULL,NULL,NULL,NULL,NULL,NULL,NULL,NULL,NULL,NULL,NULL,NULL,NULL,NULL,NULL,NULL,NULL,NULL,NULL,NULL,NULL,NULL,NULL,NULL,NULL,NULL,NULL,NULL,NULL,NULL,NULL,NULL,NULL,NULL,NULL,NULL,NULL,NULL,NULL,NULL,2015-12-21 15:11:48.000,OBINNA,NULL,NULL,NULL,NULL,NULL,NULL,NULL,NULL,NULL,NULL,NULL,NULL,NULL,NULL,NULL,NULL,NULL,NULL,NULL,NULL,NULL,NULL,NULL,NULL,NULL,NULL,NULL,NULL,NULL,NULL,NULL,NULL,NULL,NULL,1,NULL,NULL,NULL,NULL,NULL,NULL
PSU,MAIN CAMPUS,M0003,TMP - 10TH & MONTGOMERY PARKING,OCCUPIED,NULL,PARKING,2014-06-17 09:05:26.900,SHERYR,NULL,NULL,NULL,NULL,NULL,NULL,NULL,Y,NULL,NULL,NULL,NULL,NULL,NULL,NULL,NULL,NULL,NULL,NULL,NULL,NULL,NULL,NULL,NULL,NULL,NULL,NULL,NULL,NULL,NULL,NULL,NULL,NULL,NULL,NULL,NULL,NULL,NULL,NULL,NULL,NULL,NULL,NULL,NULL,NULL,NULL,NULL,NULL,NULL,NULL,NULL,NULL,NULL,NULL,NULL,NULL,NULL,NULL,NULL,NULL,4800.0000,NULL,NULL,NULL,2015-09-01 08:41:52.000,WOLF,NULL,NULL,NULL,NULL,NULL,NULL,NULL,NULL,NULL,NULL,NULL,NULL,NULL,NULL,NULL,NULL,NULL,NULL,NULL,NULL,NULL,NULL,NULL,NULL,NULL,NULL,NULL,NULL,NULL,NULL,NULL,NULL,NULL,NULL,1,NULL,NULL,NULL,NULL,NULL,NULL
PSU,MAIN CAMPUS,B0011A,CIN - FIFTH AVENUE CINEMA,OCCUPIED,ACAD,E-G,2014-10-15 11:29:11.260,SHERYR,510 SW HALL,NULL,PORTLAND,NULL,OR,NULL,NULL,Y,NULL,NULL,NULL,NULL,NULL,NULL,NULL,NULL,NULL,NULL,NULL,NULL,NULL,NULL,NULL,NULL,NULL,NULL,NULL,NULL,NULL,NULL,NULL,NULL,NULL,NULL,NULL,NULL,NULL,NULL,NULL,NULL,NULL,NULL,NULL,NULL,NULL,NULL,NULL,NULL,NULL,NULL,NULL,NULL,NULL,NULL,NULL,NULL,NULL,NULL,NULL,NULL,NULL,NULL,NULL,NULL,2015-12-21 14:54:07.000,OBINNA,NULL,NULL,NULL,NULL,NULL,NULL,NULL,NULL,NULL,NULL,NULL,NULL,NULL,NULL,NULL,NULL,NULL,NULL,NULL,NULL,NULL,NULL,NULL,NULL,NULL,NULL,NULL,NULL,NULL,NULL,NULL,NULL,NULL,NULL,1,NULL,NULL,NULL,NULL,NULL,NULL
PSU,OFF CAMPUS,I0002,LGL - LEARNING GARDEN LAB,OCCUPIED,NULL,NB,2016-03-25 11:19:32.817,WOLF,6745 SE 60TH AVE,NULL,PORTLAND,NULL,OR,97206,NULL,N,NULL,NULL,NULL,NULL,NULL,NULL,NULL,NULL,NULL,NULL,NULL,NULL,NULL,NULL,NULL,NULL,NULL,NULL,NULL,NULL,NULL,NULL,N,N,NULL,NULL,NULL,NULL,NULL,NULL,NULL,NULL,NULL,NULL,NULL,NULL,NULL,NULL,NULL,NULL,NULL,NULL,NULL,NULL,NULL,NULL,NULL,NULL,NULL,NULL,NULL,NULL,3400.0000,NULL,NULL,NULL,2016-03-25 11:28:56.000,WOLF,NULL,NULL,NULL,NULL,NULL,NULL,NULL,NULL,NULL,NULL,NULL,NULL,NULL,NULL,NULL,NULL,NULL,NULL,NULL,NULL,NULL,NULL,NULL,NULL,NULL,NULL,NULL,NULL,NULL,NULL,NULL,NULL,NULL,NULL,1,NULL,NULL,NULL,NULL,NULL,NULL
PSU,OFF CAMPUS,B0027,PEP - PEPCO BUILDING,OCCUPIED,NULL,E-G,2016-03-25 11:25:37.953,WOLF,1701 SE WATER AVE,NULL,PORTLAND,NULL,OR,97214,NULL,N,NULL,NULL,NULL,NULL,NULL,NULL,NULL,NULL,NULL,NULL,NULL,NULL,NULL,NULL,NULL,NULL,NULL,NULL,NULL,NULL,NULL,NULL,N,N,NULL,NULL,NULL,NULL,NULL,NULL,NULL,NULL,NULL,NULL,NULL,NULL,NULL,NULL,NULL,NULL,NULL,NULL,NULL,NULL,NULL,NULL,NULL,NULL,NULL,NULL,NULL,NULL,2554.0000,NULL,NULL,NULL,2016-03-25 11:28:27.000,WOLF,NULL,NULL,NULL,NULL,NULL,NULL,NULL,NULL,NULL,NULL,NULL,NULL,NULL,NULL,NULL,NULL,NULL,NULL,NULL,NULL,NULL,NULL,NULL,NULL,NULL,NULL,NULL,NULL,NULL,NULL,NULL,NULL,NULL,NULL,1,NULL,NULL,NULL,NULL,NULL,NULL
PSU,OFF CAMPUS,B0029,TH - TAYLOR HALL,OCCUPIED,NULL,E-G,2016-03-25 11:29:31.690,WOLF,1250 SISKIYOU BLVD,NULL,ASHLAND,NULL,OR,97250,NULL,N,NULL,NULL,NULL,NULL,NULL,NULL,NULL,NULL,NULL,NULL,NULL,NULL,NULL,NULL,NULL,NULL,NULL,NULL,NULL,NULL,NULL,NULL,N,N,NULL,NULL,NULL,NULL,NULL,NULL,NULL,NULL,NULL,NULL,NULL,NULL,NULL,NULL,NULL,NULL,NULL,NULL,NULL,NULL,NULL,NULL,NULL,NULL,NULL,NULL,NULL,NULL,955.0000,NULL,NULL,NULL,2016-03-25 11:30:42.000,WOLF,NULL,NULL,NULL,NULL,NULL,NULL,NULL,NULL,NULL,NULL,NULL,NULL,NULL,NULL,NULL,NULL,NULL,NULL,NULL,NULL,NULL,NULL,NULL,NULL,NULL,NULL,NULL,NULL,NULL,NULL,NULL,NULL,NULL,NULL,1,NULL,NULL,NULL,NULL,NULL,NULL
PSU,OFF CAMPUS,B0020,WCC - WILLOW CREEK,OCCUPIED,NULL,E-G,2016-03-25 11:21:58.413,WOLF,241 NW EDGEWAY DR.,NULL,BEAVERTON,NULL,OR,97006,NULL,N,NULL,NULL,NULL,NULL,NULL,NULL,NULL,NULL,NULL,NULL,NULL,NULL,NULL,NULL,NULL,NULL,NULL,NULL,NULL,NULL,NULL,NULL,N,N,NULL,NULL,NULL,NULL,NULL,NULL,NULL,NULL,NULL,NULL,NULL,NULL,NULL,NULL,NULL,NULL,NULL,NULL,NULL,NULL,NULL,NULL,NULL,NULL,NULL,NULL,NULL,NULL,2840.0000,NULL,NULL,NULL,2016-03-25 11:29:28.000,WOLF,NULL,NULL,NULL,NULL,NULL,NULL,NULL,NULL,NULL,NULL,NULL,NULL,NULL,NULL,NULL,NULL,NULL,NULL,NULL,NULL,NULL,NULL,NULL,NULL,NULL,NULL,NULL,NULL,NULL,NULL,NULL,NULL,NULL,NULL,1,NULL,NULL,NULL,NULL,NULL,NULL
PSU,OFF CAMPUS,B0030,TEC - THE ENVIRONMENTAL CENTER,OCCUPIED,NULL,E-G,2016-03-25 11:30:44.123,WOLF,16 NW KANSAS AVE,NULL,BEND,NULL,OR,97703,NULL,N,NULL,NULL,NULL,NULL,NULL,NULL,NULL,NULL,NULL,NULL,NULL,NULL,NULL,NULL,NULL,NULL,NULL,NULL,NULL,NULL,NULL,NULL,N,N,NULL,NULL,NULL,NULL,NULL,NULL,NULL,NULL,NULL,NULL,NULL,NULL,NULL,NULL,NULL,NULL,NULL,NULL,NULL,NULL,NULL,NULL,NULL,NULL,NULL,NULL,NULL,NULL,1390.0000,NULL,NULL,NULL,2016-03-25 11:32:04.000,WOLF,NULL,NULL,NULL,NULL,NULL,NULL,NULL,NULL,NULL,NULL,NULL,NULL,NULL,NULL,NULL,NULL,NULL,NULL,NULL,NULL,NULL,NULL,NULL,NULL,NULL,NULL,NULL,NULL,NULL,NULL,NULL,NULL,NULL,NULL,1,NULL,NULL,NULL,NULL,NULL,NULL
PSU,MAIN CAMPUS,M0007,P ODOT - OREGON DEPARTMENT OF TRANSPORTATION PARKING,OCCUPIED,NULL,PARKING,2016-03-25 11:33:22.463,WOLF,NULL,NULL,NULL,NULL,NULL,NULL,NULL,N,NULL,NULL,NULL,NULL,NULL,NULL,NULL,NULL,NULL,NULL,NULL,NULL,NULL,NULL,NULL,NULL,NULL,NULL,NULL,NULL,NULL,NULL,N,N,NULL,NULL,NULL,NULL,NULL,NULL,NULL,NULL,NULL,NULL,NULL,NULL,NULL,NULL,NULL,NULL,NULL,NULL,NULL,NULL,NULL,NULL,NULL,NULL,NULL,NULL,NULL,NULL,2000.0000,NULL,NULL,NULL,2016-03-25 11:36:35.000,WOLF,NULL,NULL,NULL,NULL,NULL,NULL,NULL,NULL,NULL,NULL,NULL,NULL,NULL,NULL,NULL,NULL,NULL,NULL,NULL,NULL,NULL,NULL,NULL,NULL,NULL,NULL,NULL,NULL,NULL,NULL,NULL,NULL,NULL,NULL,1,NULL,NULL,NULL,NULL,NULL,NULL
PSU,MAIN CAMPUS,B0046,FMB - 4th and Montgomery Building,NEWCONST,NULL,NULL,2016-06-29 09:48:36.060,WOLF,NULL,NULL,NULL,NULL,NULL,NULL,NULL,NULL,NULL,NULL,NULL,NULL,NULL,NULL,NULL,NULL,NULL,NULL,NULL,NULL,NULL,NULL,NULL,NULL,NULL,NULL,NULL,NULL,NULL,NULL,NULL,NULL,NULL,NULL,NULL,NULL,NULL,NULL,NULL,NULL,NULL,NULL,NULL,NULL,NULL,NULL,NULL,NULL,NULL,NULL,NULL,NULL,NULL,NULL,NULL,NULL,NULL,NULL,NULL,NULL,NULL,NULL,NULL,NULL,2016-06-29 09:52:28.000,WOLF,NULL,NULL,NULL,NULL,NULL,NULL,NULL,NULL,NULL,NULL,NULL,NULL,NULL,NULL,NULL,NULL,NULL,NULL,NULL,NULL,NULL,NULL,NULL,NULL,NULL,NULL,NULL,NULL,NULL,NULL,NULL,NULL,NULL,NULL,1,NULL,NULL,NULL,NULL,NULL,NULL
PSU,MAIN CAMPUS,X0001,COP- CITY OF PORTLAND TOWER,OCCUPIED,NULL,NULL,2017-07-26 11:21:43.410,LUCIUS,1900 4TH AVE,NULL,PORTLAND,MULTNOMAH,OR,97201,NULL,NULL,NULL,NULL,NULL,NULL,NULL,NULL,NULL,NULL,NULL,NULL,NULL,NULL,NULL,NULL,NULL,NULL,NULL,NULL,NULL,NULL,NULL,NULL,NULL,NULL,NULL,NULL,NULL,NULL,NULL,NULL,NULL,NULL,NULL,NULL,NULL,NULL,NULL,NULL,NULL,NULL,NULL,NULL,NULL,NULL,NULL,NULL,NULL,NULL,NULL,NULL,NULL,NULL,NULL,NULL,NULL,NULL,2017-07-26 11:31:40.000,LUCIUS,NULL,NULL,NULL,NULL,NULL,NULL,NULL,NULL,NULL,NULL,NULL,NULL,NULL,NULL,NULL,NULL,NULL,NULL,NULL,NULL,NULL,NULL,NULL,NULL,NULL,NULL,NULL,NULL,NULL,NULL,NULL,NULL,NULL,NULL,1,NULL,NULL,NULL,NULL,NULL,NULL
PSU,OFF CAMPUS,B0045,BDC - BAKER DOWNTOWN CENTER,OCCUPIED,NULL,E-G,2016-03-25 11:32:05.913,WOLF,975 HIGH ST,NULL,EUGENE,NULL,OR,97401,NULL,N,NULL,NULL,NULL,NULL,NULL,NULL,NULL,NULL,NULL,NULL,NULL,NULL,NULL,NULL,NULL,NULL,NULL,NULL,NULL,NULL,NULL,NULL,N,N,NULL,NULL,NULL,NULL,NULL,NULL,NULL,NULL,NULL,NULL,NULL,NULL,NULL,NULL,NULL,NULL,NULL,NULL,NULL,NULL,NULL,NULL,NULL,NULL,NULL,NULL,NULL,NULL,1054.0000,NULL,NULL,NULL,2016-03-25 11:33:19.000,WOLF,NULL,NULL,NULL,NULL,NULL,NULL,NULL,NULL,NULL,NULL,NULL,NULL,NULL,NULL,NULL,NULL,NULL,NULL,NULL,NULL,NULL,NULL,NULL,NULL,NULL,NULL,NULL,NULL,NULL,NULL,NULL,NULL,NULL,NULL,1,NULL,NULL,NULL,NULL,NULL,NULL
PSU,MAIN CAMPUS,L0002,TMONT - 10TH AND MONTGOMERY LOT,OCCUPIED,NULL,NB,2016-03-25 11:34:45.377,WOLF,NULL,NULL,NULL,NULL,NULL,NULL,NULL,Y,NULL,NULL,NULL,1.5500,NULL,NULL,NULL,NULL,NULL,NULL,NULL,NULL,NULL,NULL,NULL,NULL,NULL,NULL,NULL,NULL,NULL,NULL,Y,Y,NULL,NULL,NULL,NULL,NULL,NULL,NULL,NULL,NULL,NULL,NULL,NULL,NULL,NULL,NULL,NULL,NULL,NULL,NULL,NULL,NULL,NULL,NULL,NULL,NULL,NULL,NULL,NULL,63918.0000,NULL,NULL,NULL,2016-03-25 11:36:10.000,WOLF,NULL,NULL,NULL,NULL,NULL,NULL,NULL,NULL,NULL,NULL,NULL,NULL,NULL,NULL,NULL,NULL,NULL,NULL,NULL,NULL,NULL,NULL,NULL,NULL,NULL,NULL,NULL,NULL,NULL,NULL,NULL,NULL,NULL,NULL,1,NULL,NULL,NULL,NULL,NULL,NULL
PSU,MAIN CAMPUS,L0003,TMKT - 12TH AND MARKET LOT,OCCUPIED,NULL,NB,2016-03-25 11:36:50.583,WOLF,NULL,NULL,NULL,NULL,NULL,NULL,NULL,Y,NULL,NULL,NULL,0.9700,NULL,NULL,NULL,NULL,NULL,NULL,NULL,NULL,NULL,NULL,NULL,NULL,NULL,NULL,NULL,NULL,NULL,NULL,Y,Y,NULL,NULL,NULL,NULL,NULL,NULL,NULL,NULL,NULL,NULL,NULL,NULL,NULL,NULL,NULL,NULL,NULL,NULL,NULL,NULL,NULL,NULL,NULL,NULL,NULL,NULL,NULL,NULL,42253.0000,NULL,NULL,NULL,2016-03-25 11:37:57.000,WOLF,NULL,NULL,NULL,NULL,NULL,NULL,NULL,NULL,NULL,NULL,NULL,NULL,NULL,NULL,NULL,NULL,NULL,NULL,NULL,NULL,NULL,NULL,NULL,NULL,NULL,NULL,NULL,NULL,NULL,NULL,NULL,NULL,NULL,NULL,1,NULL,NULL,NULL,NULL,NULL,NULL
PSU,MAIN CAMPUS,L0004,EMKT - 11TH AND MARKET LOT,OCCUPIED,NULL,NB,2016-03-25 11:38:05.793,WOLF,NULL,NULL,NULL,NULL,NULL,NULL,NULL,Y,NULL,NULL,NULL,0.3200,NULL,NULL,NULL,NULL,NULL,NULL,NULL,NULL,NULL,NULL,NULL,NULL,NULL,NULL,NULL,NULL,NULL,NULL,Y,Y,NULL,NULL,NULL,NULL,NULL,NULL,NULL,NULL,NULL,NULL,NULL,NULL,NULL,NULL,NULL,NULL,NULL,NULL,NULL,NULL,NULL,NULL,NULL,NULL,NULL,NULL,NULL,NULL,13939.0000,NULL,NULL,NULL,2016-03-25 11:38:55.000,WOLF,NULL,NULL,NULL,NULL,NULL,NULL,NULL,NULL,NULL,NULL,NULL,NULL,NULL,NULL,NULL,NULL,NULL,NULL,NULL,NULL,NULL,NULL,NULL,NULL,NULL,NULL,NULL,NULL,NULL,NULL,NULL,NULL,NULL,NULL,1,NULL,NULL,NULL,NULL,NULL,NULL
PSU,MAIN CAMPUS,M0006,FLL - 4TH AND LINCOLN LOT (TRIMET LOT),OCCUPIED,NULL,NB,2016-03-25 11:39:57.397,WOLF,2033 SW 4TH AVE,NULL,PORTLAND,NULL,OR,97201,NULL,NULL,NULL,NULL,NULL,0.4900,NULL,NULL,NULL,NULL,NULL,NULL,NULL,NULL,NULL,NULL,NULL,NULL,NULL,NULL,NULL,NULL,NULL,NULL,N,N,NULL,NULL,NULL,NULL,NULL,NULL,NULL,NULL,NULL,NULL,NULL,NULL,NULL,NULL,NULL,NULL,NULL,NULL,NULL,NULL,NULL,NULL,NULL,NULL,NULL,NULL,NULL,NULL,21300.0000,NULL,NULL,NULL,2016-03-25 11:43:33.000,WOLF,NULL,NULL,NULL,NULL,NULL,NULL,NULL,NULL,NULL,NULL,NULL,NULL,NULL,NULL,NULL,NULL,NULL,NULL,NULL,NULL,NULL,NULL,NULL,NULL,NULL,NULL,NULL,NULL,NULL,NULL,NULL,NULL,NULL,NULL,1,NULL,NULL,NULL,NULL,NULL,NULL
PSU,MAIN CAMPUS,L0001,ORCH - PSU Orchard,OCCUPIED,NULL,NB,2016-03-25 11:43:36.170,WOLF,NULL,NULL,NULL,NULL,NULL,NULL,NULL,NULL,NULL,NULL,NULL,0.0600,NULL,NULL,NULL,NULL,NULL,NULL,NULL,NULL,NULL,NULL,NULL,NULL,NULL,NULL,NULL,NULL,NULL,NULL,N,N,NULL,NULL,NULL,NULL,NULL,NULL,NULL,NULL,NULL,NULL,NULL,NULL,NULL,NULL,NULL,NULL,NULL,NULL,NULL,NULL,NULL,NULL,NULL,NULL,NULL,NULL,NULL,NULL,2548.0000,NULL,NULL,NULL,2016-03-25 11:44:41.000,WOLF,NULL,NULL,NULL,NULL,NULL,NULL,NULL,NULL,NULL,NULL,NULL,NULL,NULL,NULL,NULL,NULL,NULL,NULL,NULL,NULL,NULL,NULL,NULL,NULL,NULL,NULL,NULL,NULL,NULL,NULL,NULL,NULL,NULL,NULL,1,NULL,NULL,NULL,NULL,NULL,NULL

(120 row(s) affected)

